lottery_draw_number,ds,lottery_result_front_2,lottery_result_front_3,lottery_result_front_4,lottery_result_front_5,lottery_result_back_1,lottery_result_back_2,lottery_draw_date
7001,22,24,29,31,35,4,11,2007/5/30
7002,15,22,31,34,35,5,12,2007/5/31
7003,3,4,18,23,32,1,6,2007/6/1
7004,6,10,16,17,25,2,4,2007/6/2
7005,1,9,19,20,30,2,11,2007/6/3
7006,1,16,20,23,28,3,6,2007/6/4
7007,14,16,25,26,35,4,9,2007/6/5
7008,2,8,11,21,23,4,7,2007/6/6
7009,1,3,9,19,34,9,12,2007/6/7
7010,6,8,18,29,34,9,11,2007/6/8
7011,29,32,33,34,35,9,10,2007/6/9
7012,3,12,15,29,34,7,11,2007/6/10
7013,12,17,27,29,34,6,9,2007/6/11
7014,1,2,7,29,32,6,7,2007/6/12
7015,2,8,12,13,17,11,12,2007/6/13
7016,1,14,19,24,31,3,12,2007/6/14
7017,13,14,29,32,34,3,12,2007/6/15
7018,3,4,16,23,28,6,9,2007/6/16
7019,3,6,17,22,23,4,6,2007/6/17
7020,2,6,11,12,18,5,12,2007/6/18
7021,2,4,24,29,33,1,2,2007/6/19
7022,8,10,12,23,25,3,10,2007/6/20
7023,8,10,23,32,34,8,10,2007/6/21
7024,6,16,20,25,31,4,9,2007/6/22
7025,22,24,26,27,34,2,10,2007/6/23
7026,5,9,13,33,35,1,8,2007/6/24
7027,2,3,10,19,27,6,10,2007/6/25
7028,20,26,30,34,35,3,10,2007/6/26
7029,15,22,25,29,35,9,11,2007/6/27
7030,11,14,27,33,35,2,7,2007/6/28
7031,3,21,27,31,32,6,8,2007/6/29
7032,1,13,21,23,32,4,11,2007/6/30
7033,1,5,8,14,22,3,12,2007/7/1
7034,6,8,11,13,22,2,11,2007/7/2
7035,7,11,16,31,32,1,12,2007/7/3
7036,15,18,21,27,34,1,2,2007/7/4
7037,1,6,7,17,31,11,12,2007/7/5
7038,6,21,25,27,32,8,9,2007/7/6
7039,10,11,20,21,35,7,11,2007/7/7
7040,5,21,25,28,35,1,4,2007/7/8
7041,3,16,17,22,35,1,8,2007/7/9
7042,7,10,22,31,35,5,6,2007/7/10
7043,4,9,22,24,31,2,6,2007/7/11
7044,4,5,7,12,26,1,10,2007/7/12
7045,9,16,20,26,35,11,12,2007/7/13
7046,4,16,18,23,30,1,10,2007/7/14
7047,1,6,15,19,35,2,9,2007/7/15
7048,8,25,26,29,35,6,8,2007/7/16
7049,9,10,15,17,32,4,6,2007/7/17
7050,13,21,22,30,35,1,11,2007/7/18
7051,3,7,24,28,35,8,11,2007/7/19
7052,1,14,29,32,33,5,10,2007/7/20
7053,11,16,19,21,25,1,10,2007/7/21
7054,4,10,19,29,34,3,6,2007/7/22
7055,10,16,24,31,33,7,10,2007/7/23
7056,4,11,17,20,21,5,9,2007/7/24
7057,14,16,30,32,35,6,7,2007/7/25
7058,8,21,25,28,33,2,6,2007/7/26
7059,4,15,23,31,33,3,9,2007/7/27
7060,12,13,29,30,31,4,7,2007/7/28
7061,2,10,19,28,29,2,9,2007/7/29
7062,1,4,10,14,29,11,12,2007/7/30
7063,10,31,33,34,35,7,12,2007/7/31
7064,2,16,32,33,35,5,10,2007/8/1
7065,19,20,24,29,31,9,10,2007/8/2
7066,4,7,8,19,24,7,12,2007/8/3
7067,11,18,25,30,31,4,9,2007/8/4
7068,4,9,13,14,33,6,10,2007/8/5
7069,2,13,16,21,35,1,5,2007/8/6
7070,7,26,29,30,35,3,4,2007/8/7
7071,10,22,32,33,35,1,7,2007/8/8
7072,21,24,26,27,33,1,5,2007/8/9
7073,4,5,9,12,23,2,11,2007/8/10
7074,16,17,23,24,31,5,10,2007/8/11
7075,5,11,20,30,32,7,11,2007/8/12
7076,2,9,12,15,31,9,10,2007/8/13
7077,4,6,12,13,24,1,4,2007/8/14
7078,9,12,14,22,23,1,2,2007/8/15
7079,6,9,25,26,31,2,8,2007/8/16
7080,1,15,20,25,27,5,10,2007/8/17
7081,6,18,20,22,35,4,9,2007/8/18
7082,3,5,14,33,34,7,8,2007/8/19
7083,1,5,20,21,24,3,4,2007/8/20
7084,5,11,18,29,34,10,11,2007/8/21
7085,17,24,28,29,33,2,5,2007/8/22
7086,14,18,19,26,28,3,9,2007/8/23
7087,8,18,30,31,33,4,9,2007/8/24
7088,17,18,21,23,33,6,10,2007/8/25
7089,8,13,24,30,34,1,12,2007/8/26
7090,4,20,24,31,33,9,12,2007/8/27
7091,7,12,26,31,32,3,8,2007/8/28
7092,6,19,27,28,29,6,10,2007/8/29
7093,6,8,16,25,27,8,12,2007/8/30
8001,1,2,11,34,35,3,10,2007/8/31
8002,1,12,24,31,32,10,12,2007/9/1
8003,1,11,13,32,35,2,7,2007/9/2
8004,9,22,24,31,33,8,9,2007/9/3
8005,18,25,29,31,34,9,10,2007/9/4
8006,10,12,26,29,34,5,7,2007/9/5
8007,3,4,5,12,28,3,12,2007/9/6
8008,2,6,8,17,32,8,9,2007/9/7
8009,4,8,12,24,30,5,8,2007/9/8
8010,6,23,24,27,29,6,8,2007/9/9
8011,14,20,22,24,27,7,10,2007/9/10
8012,2,10,29,32,35,2,3,2007/9/11
8013,1,11,19,22,35,5,9,2007/9/12
8014,4,7,10,28,34,1,6,2007/9/13
8015,9,18,20,27,33,6,9,2007/9/14
8016,8,10,11,17,19,6,9,2007/9/15
8017,2,14,25,29,32,1,6,2007/9/16
8018,3,6,7,11,30,2,3,2007/9/17
8019,8,24,25,29,31,4,5,2007/9/18
8020,4,5,15,17,33,4,8,2007/9/19
8021,5,10,13,21,24,4,9,2007/9/20
8022,9,12,13,25,31,8,10,2007/9/21
8023,6,26,31,32,34,7,10,2007/9/22
8024,8,12,17,20,30,1,2,2007/9/23
8025,6,10,12,15,28,4,12,2007/9/24
8026,1,21,22,24,25,8,10,2007/9/25
8027,5,17,23,31,32,4,8,2007/9/26
8028,3,11,17,19,26,7,12,2007/9/27
8029,6,11,18,29,30,4,11,2007/9/28
8030,3,21,23,26,35,5,8,2007/9/29
8031,14,20,23,27,28,2,4,2007/9/30
8032,3,9,19,27,33,9,10,2007/10/1
8033,3,10,21,23,30,1,9,2007/10/2
8034,6,7,18,34,35,5,10,2007/10/3
8035,2,12,13,29,30,5,7,2007/10/4
8036,9,19,22,30,32,1,10,2007/10/5
8037,11,20,24,31,35,4,10,2007/10/6
8038,12,13,19,32,33,2,10,2007/10/7
8039,7,11,15,27,35,4,7,2007/10/8
8040,4,8,19,22,29,8,11,2007/10/9
8041,7,17,21,22,28,5,10,2007/10/10
8042,5,10,13,32,35,4,5,2007/10/11
8043,5,8,10,31,33,2,4,2007/10/12
8044,2,21,23,27,32,10,11,2007/10/13
8045,14,32,33,34,35,2,4,2007/10/14
8046,11,25,26,27,35,7,8,2007/10/15
8047,12,18,22,23,30,6,12,2007/10/16
8048,1,13,22,25,27,2,10,2007/10/17
8049,1,11,14,28,30,3,10,2007/10/18
8050,1,5,11,26,27,3,7,2007/10/19
8051,1,7,9,11,33,3,11,2007/10/20
8052,3,18,19,30,35,5,9,2007/10/21
8053,1,13,21,23,32,3,6,2007/10/22
8054,5,14,23,31,35,2,6,2007/10/23
8055,2,14,28,30,35,4,12,2007/10/24
8056,15,19,25,30,31,3,9,2007/10/25
8057,5,8,9,17,33,5,6,2007/10/26
8058,3,9,11,29,33,3,12,2007/10/27
8059,7,13,21,25,31,8,10,2007/10/28
8060,3,13,17,23,30,1,11,2007/10/29
8061,7,10,14,19,32,3,6,2007/10/30
8062,1,15,27,28,29,3,10,2007/10/31
8063,7,11,24,30,35,6,8,2007/11/1
8064,14,18,24,27,31,6,7,2007/11/2
8065,19,22,23,25,32,6,12,2007/11/3
8066,2,7,21,22,25,4,12,2007/11/4
8067,3,10,14,15,22,4,7,2007/11/5
8068,6,9,11,33,34,6,10,2007/11/6
8069,5,13,16,29,33,6,8,2007/11/7
8070,9,17,18,21,31,1,5,2007/11/8
8071,1,5,11,14,25,1,9,2007/11/9
8072,10,25,32,33,34,3,9,2007/11/10
8073,2,5,6,7,31,8,10,2007/11/11
8074,10,13,22,31,35,4,12,2007/11/12
8075,1,10,13,30,33,6,7,2007/11/13
8076,3,5,10,27,34,1,12,2007/11/14
8077,1,8,21,33,34,5,7,2007/11/15
8078,8,17,20,28,31,7,11,2007/11/16
8079,20,23,26,32,33,5,12,2007/11/17
8080,6,9,29,31,33,5,11,2007/11/18
8081,7,8,20,22,29,4,7,2007/11/19
8082,15,19,29,33,35,1,2,2007/11/20
8083,6,14,15,30,31,3,10,2007/11/21
8084,2,17,20,22,25,5,11,2007/11/22
8085,3,7,13,15,19,2,10,2007/11/23
8086,1,6,10,22,35,3,7,2007/11/24
8087,14,22,32,33,35,1,5,2007/11/25
8088,7,11,19,27,31,2,3,2007/11/26
8089,8,13,24,32,33,3,9,2007/11/27
8090,4,11,18,33,34,2,6,2007/11/28
8091,9,13,19,22,25,4,10,2007/11/29
8092,3,23,26,32,34,4,9,2007/11/30
8093,6,7,10,24,30,5,8,2007/12/1
8094,7,12,19,27,34,11,12,2007/12/2
8095,3,4,11,21,25,1,7,2007/12/3
8096,6,7,12,25,28,2,12,2007/12/4
8097,1,10,31,33,35,3,10,2007/12/5
8098,7,10,22,27,33,4,8,2007/12/6
8099,3,18,23,25,30,6,10,2007/12/7
8100,12,20,26,29,30,2,6,2007/12/8
8101,10,13,23,31,33,4,11,2007/12/9
8102,5,25,26,29,35,3,10,2007/12/10
8103,2,11,22,30,34,4,9,2007/12/11
8104,7,8,10,24,34,8,11,2007/12/12
8105,12,21,22,26,35,4,5,2007/12/13
8106,3,5,21,28,33,2,6,2007/12/14
8107,1,2,13,15,16,4,9,2007/12/15
8108,11,16,24,29,32,9,11,2007/12/16
8109,1,10,18,28,34,5,8,2007/12/17
8110,5,16,25,27,33,4,9,2007/12/18
8111,2,11,12,14,19,5,9,2007/12/19
8112,4,18,26,32,33,5,8,2007/12/20
8113,11,14,17,19,22,1,8,2007/12/21
8114,2,3,22,27,31,6,7,2007/12/22
8115,7,9,19,21,33,7,10,2007/12/23
8116,6,8,15,24,31,1,3,2007/12/24
8117,13,23,24,25,30,2,8,2007/12/25
8118,6,9,19,25,30,6,12,2007/12/26
8119,1,2,10,19,27,1,11,2007/12/27
8120,21,23,24,25,32,3,4,2007/12/28
8121,11,23,24,32,35,4,10,2007/12/29
8122,3,6,12,20,29,9,12,2007/12/30
8123,1,6,12,28,31,8,9,2007/12/31
8124,2,10,13,29,33,6,10,2008/1/1
8125,1,4,28,33,34,6,11,2008/1/2
8126,9,29,32,34,35,1,8,2008/1/3
8127,8,21,22,31,33,1,7,2008/1/4
8128,12,15,23,24,25,10,11,2008/1/5
8129,13,16,20,25,27,4,5,2008/1/6
8130,3,5,22,29,34,7,12,2008/1/7
8131,8,9,12,21,32,7,11,2008/1/8
8132,6,14,24,27,29,5,9,2008/1/9
8133,10,12,15,33,35,3,9,2008/1/10
8134,11,13,15,28,35,8,10,2008/1/11
8135,7,22,25,29,33,1,12,2008/1/12
8136,3,28,29,32,34,1,6,2008/1/13
8137,1,10,25,32,35,5,9,2008/1/14
8138,4,5,18,22,35,7,8,2008/1/15
8139,1,6,10,14,22,6,8,2008/1/16
8140,2,9,11,29,32,8,9,2008/1/17
8141,9,15,18,30,34,4,5,2008/1/18
8142,6,18,21,30,35,8,9,2008/1/19
8143,1,2,22,29,32,1,4,2008/1/20
8144,10,19,27,28,33,5,12,2008/1/21
8145,5,16,27,29,30,5,11,2008/1/22
8146,9,23,24,26,33,7,12,2008/1/23
8147,16,18,19,24,35,11,12,2008/1/24
8148,3,7,20,33,35,4,7,2008/1/25
8149,2,5,6,27,29,3,4,2008/1/26
8150,1,9,10,15,25,3,8,2008/1/27
8151,7,10,27,31,34,8,9,2008/1/28
8152,3,5,14,20,33,7,11,2008/1/29
8153,2,4,6,25,26,2,5,2008/1/30
8154,5,7,10,29,32,4,6,2008/1/31
9001,1,15,23,27,30,4,10,2008/2/1
9002,1,4,7,12,30,5,10,2008/2/2
9003,16,18,23,30,32,2,11,2008/2/3
9004,1,3,22,32,35,6,10,2008/2/4
9005,10,11,15,31,32,5,8,2008/2/5
9006,2,4,22,31,35,9,12,2008/2/6
9007,6,14,15,29,35,6,11,2008/2/7
9008,4,17,21,29,31,2,12,2008/2/8
9009,12,18,23,26,32,6,9,2008/2/9
9010,2,9,12,21,29,7,11,2008/2/10
9011,2,11,13,14,21,2,4,2008/2/11
9012,2,5,20,25,31,10,12,2008/2/12
9013,5,24,26,30,35,5,12,2008/2/13
9014,8,14,15,25,26,7,9,2008/2/14
9015,1,5,10,16,27,3,4,2008/2/15
9016,10,11,20,26,27,9,11,2008/2/16
9017,5,11,23,26,33,4,12,2008/2/17
9018,1,6,13,28,29,3,9,2008/2/18
9019,4,29,31,32,35,4,10,2008/2/19
9020,5,16,18,32,35,2,11,2008/2/20
9021,1,15,31,32,34,3,8,2008/2/21
9022,12,14,17,34,35,4,11,2008/2/22
9023,15,17,21,27,33,7,11,2008/2/23
9024,29,31,32,33,35,10,11,2008/2/24
9025,3,17,22,23,33,4,10,2008/2/25
9026,24,30,31,32,34,10,12,2008/2/26
9027,3,22,26,33,34,9,10,2008/2/27
9028,6,20,30,32,35,9,11,2008/2/28
9029,3,4,13,17,24,4,11,2008/2/29
9030,1,7,27,30,32,1,4,2008/3/1
9031,7,11,19,21,22,1,11,2008/3/2
9032,4,12,20,26,29,6,10,2008/3/3
9033,2,8,18,21,32,8,11,2008/3/4
9034,5,19,31,32,35,4,9,2008/3/5
9035,3,7,9,28,33,3,8,2008/3/6
9036,2,12,26,31,33,9,10,2008/3/7
9037,17,18,19,25,31,1,11,2008/3/8
9038,6,17,20,29,32,4,5,2008/3/9
9039,1,3,7,10,33,3,4,2008/3/10
9040,3,16,30,32,33,1,10,2008/3/11
9041,5,9,20,23,29,4,10,2008/3/12
9042,11,24,25,26,31,2,7,2008/3/13
9043,5,21,22,32,35,2,5,2008/3/14
9044,1,7,18,29,34,3,9,2008/3/15
9045,1,9,14,24,35,6,9,2008/3/16
9046,1,9,24,34,35,4,9,2008/3/17
9047,13,18,21,24,29,3,6,2008/3/18
9048,5,6,22,25,27,11,12,2008/3/19
9049,5,16,28,29,34,11,12,2008/3/20
9050,5,15,28,32,33,8,9,2008/3/21
9051,3,11,22,26,29,5,12,2008/3/22
9052,23,24,30,34,35,1,3,2008/3/23
9053,5,9,24,31,33,5,6,2008/3/24
9054,2,12,19,29,30,7,12,2008/3/25
9055,5,8,14,23,24,5,6,2008/3/26
9056,4,13,17,32,35,3,6,2008/3/27
9057,6,15,22,27,30,2,9,2008/3/28
9058,8,10,14,27,32,2,7,2008/3/29
9059,2,13,14,29,33,4,11,2008/3/30
9060,18,28,29,30,31,4,8,2008/3/31
9061,2,10,21,26,34,2,10,2008/4/1
9062,4,22,23,29,31,5,11,2008/4/2
9063,5,6,18,21,22,1,7,2008/4/3
9064,6,10,11,17,34,11,12,2008/4/4
9065,1,12,24,27,32,2,11,2008/4/5
9066,1,8,19,24,31,6,12,2008/4/6
9067,3,6,25,28,32,2,5,2008/4/7
9068,2,12,15,20,28,1,12,2008/4/8
9069,14,16,27,30,33,8,12,2008/4/9
9070,10,21,24,30,31,3,10,2008/4/10
9071,4,20,29,30,33,2,11,2008/4/11
9072,23,26,29,32,33,5,10,2008/4/12
9073,1,10,19,21,30,1,4,2008/4/13
9074,15,17,19,23,32,1,11,2008/4/14
9075,1,7,11,32,33,9,11,2008/4/15
9076,3,9,11,18,24,4,5,2008/4/16
9077,7,20,28,32,34,6,8,2008/4/17
9078,11,23,26,31,34,5,11,2008/4/18
9079,1,2,7,13,34,4,10,2008/4/19
9080,7,16,19,29,35,2,11,2008/4/20
9081,2,15,20,25,33,3,6,2008/4/21
9082,5,11,26,29,32,8,11,2008/4/22
9083,2,5,28,34,35,1,7,2008/4/23
9084,5,9,19,26,35,2,10,2008/4/24
9085,6,13,27,33,34,9,12,2008/4/25
9086,1,2,7,26,29,10,12,2008/4/26
9087,10,24,28,30,33,1,10,2008/4/27
9088,13,16,27,32,34,3,9,2008/4/28
9089,3,6,11,19,27,2,7,2008/4/29
9090,18,25,30,33,34,4,10,2008/4/30
9091,1,5,17,32,34,3,7,2008/5/1
9092,10,21,22,27,29,8,12,2008/5/2
9093,7,9,22,30,33,9,11,2008/5/3
9094,1,5,21,23,29,5,12,2008/5/4
9095,8,18,24,30,33,1,6,2008/5/5
9096,7,12,28,32,33,1,3,2008/5/6
9097,6,13,14,22,25,1,4,2008/5/7
9098,11,17,19,25,26,2,10,2008/5/8
9099,3,9,21,23,33,6,10,2008/5/9
9100,16,20,25,29,33,1,8,2008/5/10
9101,2,10,14,22,26,4,9,2008/5/11
9102,11,13,29,32,35,10,12,2008/5/12
9103,16,20,28,32,33,1,2,2008/5/13
9104,15,25,29,32,33,10,11,2008/5/14
9105,1,25,26,34,35,6,11,2008/5/15
9106,11,21,22,25,34,6,9,2008/5/16
9107,11,12,33,34,35,1,10,2008/5/17
9108,1,9,14,29,30,7,10,2008/5/18
9109,2,11,13,26,35,6,10,2008/5/19
9110,22,28,30,31,34,7,9,2008/5/20
9111,4,11,13,19,35,10,12,2008/5/21
9112,2,8,12,34,35,4,5,2008/5/22
9113,3,4,10,18,27,6,8,2008/5/23
9114,2,8,25,29,33,3,7,2008/5/24
9115,1,2,6,8,26,5,12,2008/5/25
9116,12,15,23,30,33,9,12,2008/5/26
9117,7,21,29,31,33,9,10,2008/5/27
9118,10,17,18,21,34,5,11,2008/5/28
9119,3,12,22,23,28,4,12,2008/5/29
9120,11,23,27,28,32,2,5,2008/5/30
9121,4,5,8,11,22,2,10,2008/5/31
9122,1,2,11,31,33,5,6,2008/6/1
9123,10,21,28,29,32,6,10,2008/6/2
9124,1,3,14,32,35,7,11,2008/6/3
9125,8,20,23,29,31,2,11,2008/6/4
9126,14,23,27,28,33,8,12,2008/6/5
9127,5,9,27,32,34,5,8,2008/6/6
9128,6,21,28,32,34,4,7,2008/6/7
9129,2,10,18,32,33,3,8,2008/6/8
9130,9,14,25,32,34,2,8,2008/6/9
9131,2,3,8,33,34,3,11,2008/6/10
9132,2,10,12,15,28,4,7,2008/6/11
9133,1,8,24,27,34,10,11,2008/6/12
9134,2,16,19,28,33,7,11,2008/6/13
9135,6,8,15,20,32,5,6,2008/6/14
9136,7,13,23,24,29,6,10,2008/6/15
9137,12,28,29,30,34,1,9,2008/6/16
9138,3,4,14,28,32,9,10,2008/6/17
9139,14,16,20,22,32,5,9,2008/6/18
9140,7,8,19,26,30,1,12,2008/6/19
9141,13,14,21,30,33,2,8,2008/6/20
9142,5,6,13,24,31,3,11,2008/6/21
9143,1,9,10,11,22,1,12,2008/6/22
9144,18,26,32,33,34,4,6,2008/6/23
9145,5,11,14,22,35,3,10,2008/6/24
9146,11,17,23,24,25,3,6,2008/6/25
9147,6,12,18,22,29,5,8,2008/6/26
9148,2,4,13,14,33,1,9,2008/6/27
9149,1,3,10,12,20,2,7,2008/6/28
9150,4,11,18,25,34,5,7,2008/6/29
9151,3,8,14,30,31,4,9,2008/6/30
9152,1,23,29,30,32,7,12,2008/7/1
9153,21,22,30,32,34,3,7,2008/7/2
10001,2,6,7,12,27,2,8,2008/7/3
10002,4,23,25,26,30,7,10,2008/7/4
10003,5,14,23,27,30,2,8,2008/7/5
10004,3,6,21,24,34,4,6,2008/7/6
10005,4,17,19,22,30,2,3,2008/7/7
10006,3,13,19,30,34,2,5,2008/7/8
10007,7,23,26,29,32,8,11,2008/7/9
10008,11,23,25,31,32,5,11,2008/7/10
10009,2,5,13,27,32,3,11,2008/7/11
10010,15,22,24,32,35,2,9,2008/7/12
10011,2,3,11,27,32,8,11,2008/7/13
10012,20,24,30,31,33,5,12,2008/7/14
10013,18,21,22,26,34,9,12,2008/7/15
10014,18,19,30,33,35,2,4,2008/7/16
10015,3,10,14,18,28,8,10,2008/7/17
10016,10,12,20,23,32,4,10,2008/7/18
10017,13,21,23,27,34,9,12,2008/7/19
10018,3,10,26,32,33,4,12,2008/7/20
10019,3,11,19,26,27,2,9,2008/7/21
10020,8,18,26,32,33,1,6,2008/7/22
10021,11,20,23,24,25,7,9,2008/7/23
10022,2,11,13,14,25,2,5,2008/7/24
10023,11,13,29,32,33,2,8,2008/7/25
10024,3,14,19,24,25,4,11,2008/7/26
10025,9,11,13,14,25,1,7,2008/7/27
10026,5,23,25,31,35,7,10,2008/7/28
10027,5,23,26,32,34,2,9,2008/7/29
10028,1,2,7,20,35,1,3,2008/7/30
10029,21,22,33,34,35,3,4,2008/7/31
10030,10,12,19,32,35,2,7,2008/8/1
10031,5,13,16,17,35,6,8,2008/8/2
10032,13,16,23,24,33,7,11,2008/8/3
10033,12,19,28,29,30,5,8,2008/8/4
10034,1,6,19,25,26,3,9,2008/8/5
10035,14,16,20,31,34,1,7,2008/8/6
10036,19,25,28,31,33,1,8,2008/8/7
10037,19,21,26,34,35,1,9,2008/8/8
10038,8,10,25,29,33,1,2,2008/8/9
10039,7,19,26,28,32,1,8,2008/8/10
10040,13,20,26,31,35,2,11,2008/8/11
10041,16,22,28,29,34,4,12,2008/8/12
10042,1,5,19,34,35,6,7,2008/8/13
10043,5,8,10,33,35,2,10,2008/8/14
10044,6,21,24,28,30,2,7,2008/8/15
10045,8,17,18,20,28,9,10,2008/8/16
10046,2,15,19,26,27,5,6,2008/8/17
10047,4,8,11,30,31,2,8,2008/8/18
10048,2,3,10,12,25,3,9,2008/8/19
10049,1,25,29,31,33,4,10,2008/8/20
10050,7,8,15,30,35,5,10,2008/8/21
10051,6,10,20,24,32,6,10,2008/8/22
10052,4,6,25,29,32,5,6,2008/8/23
10053,9,19,22,26,34,9,11,2008/8/24
10054,12,25,29,30,33,10,11,2008/8/25
10055,13,14,17,27,32,2,10,2008/8/26
10056,5,9,23,25,30,9,12,2008/8/27
10057,15,17,24,32,35,7,9,2008/8/28
10058,6,15,17,19,30,1,12,2008/8/29
10059,6,10,14,25,34,1,3,2008/8/30
10060,10,13,22,33,34,1,5,2008/8/31
10061,5,12,14,17,22,5,7,2008/9/1
10062,6,7,18,30,31,7,8,2008/9/2
10063,7,14,16,30,31,3,6,2008/9/3
10064,7,10,12,20,21,6,9,2008/9/4
10065,5,8,13,14,32,8,11,2008/9/5
10066,15,21,22,24,27,1,6,2008/9/6
10067,1,11,19,30,32,3,10,2008/9/7
10068,11,17,19,20,34,6,10,2008/9/8
10069,6,17,18,25,29,8,9,2008/9/9
10070,5,14,23,25,28,11,12,2008/9/10
10071,7,12,26,30,32,2,7,2008/9/11
10072,5,10,17,23,25,3,10,2008/9/12
10073,4,9,11,30,32,1,11,2008/9/13
10074,3,7,20,27,32,2,12,2008/9/14
10075,10,12,17,23,27,5,7,2008/9/15
10076,9,12,16,19,35,2,12,2008/9/16
10077,6,7,9,17,24,2,12,2008/9/17
10078,2,3,15,28,35,1,11,2008/9/18
10079,1,4,21,22,24,2,5,2008/9/19
10080,8,19,27,29,34,4,10,2008/9/20
10081,14,18,20,24,27,5,10,2008/9/21
10082,5,8,24,29,30,4,6,2008/9/22
10083,7,11,21,22,35,4,7,2008/9/23
10084,3,13,14,22,26,2,5,2008/9/24
10085,2,10,16,18,34,2,3,2008/9/25
10086,1,2,12,19,35,5,7,2008/9/26
10087,1,12,20,21,24,2,8,2008/9/27
10088,3,5,14,30,35,3,6,2008/9/28
10089,4,10,13,18,23,8,10,2008/9/29
10090,8,24,26,31,32,7,9,2008/9/30
10091,6,10,23,26,31,5,7,2008/10/1
10092,2,15,29,30,34,2,12,2008/10/2
10093,2,4,9,28,29,5,8,2008/10/3
10094,20,32,33,34,35,6,7,2008/10/4
10095,12,14,16,19,25,1,6,2008/10/5
10096,4,9,24,30,35,1,10,2008/10/6
10097,9,17,21,28,29,2,8,2008/10/7
10098,2,3,12,13,25,1,7,2008/10/8
10099,3,11,17,21,30,1,8,2008/10/9
10100,19,20,30,33,35,6,8,2008/10/10
10101,11,15,22,27,35,5,8,2008/10/11
10102,4,15,19,24,35,1,10,2008/10/12
10103,10,14,29,30,35,5,8,2008/10/13
10104,14,25,30,32,33,1,11,2008/10/14
10105,5,17,26,27,35,8,9,2008/10/15
10106,5,27,28,29,34,9,12,2008/10/16
10107,14,17,22,27,34,3,5,2008/10/17
10108,1,10,13,19,34,9,12,2008/10/18
10109,1,2,8,11,25,10,12,2008/10/19
10110,21,29,30,33,35,7,11,2008/10/20
10111,3,6,13,14,29,1,2,2008/10/21
10112,14,15,18,34,35,8,10,2008/10/22
10113,5,16,22,23,32,4,10,2008/10/23
10114,3,7,22,25,35,3,11,2008/10/24
10115,5,7,10,15,32,3,8,2008/10/25
10116,14,22,27,28,35,4,10,2008/10/26
10117,4,6,21,27,34,5,9,2008/10/27
10118,19,22,23,29,35,8,10,2008/10/28
10119,5,13,14,23,26,2,3,2008/10/29
10120,8,10,18,34,35,6,10,2008/10/30
10121,21,22,31,32,34,2,12,2008/10/31
10122,5,6,11,13,26,2,7,2008/11/1
10123,18,20,30,32,33,1,11,2008/11/2
10124,1,9,27,29,34,1,6,2008/11/3
10125,1,7,9,14,19,9,12,2008/11/4
10126,3,5,9,13,33,5,11,2008/11/5
10127,3,22,24,30,33,4,10,2008/11/6
10128,6,17,19,29,35,2,8,2008/11/7
10129,14,15,24,25,26,3,7,2008/11/8
10130,5,6,9,10,34,8,11,2008/11/9
10131,10,15,22,28,29,4,12,2008/11/10
10132,18,21,23,25,29,6,11,2008/11/11
10133,11,16,17,21,22,3,6,2008/11/12
10134,9,12,13,19,30,4,5,2008/11/13
10135,14,17,19,26,32,3,4,2008/11/14
10136,3,13,18,30,33,7,8,2008/11/15
10137,22,27,28,33,35,9,11,2008/11/16
10138,8,12,14,19,27,5,6,2008/11/17
10139,3,13,16,19,29,7,9,2008/11/18
10140,6,18,20,30,31,3,6,2008/11/19
10141,5,11,17,23,33,3,10,2008/11/20
10142,10,11,19,21,27,4,6,2008/11/21
10143,10,16,18,22,27,6,8,2008/11/22
10144,2,11,16,22,31,10,11,2008/11/23
10145,18,19,27,28,33,3,6,2008/11/24
10146,14,17,30,31,34,4,10,2008/11/25
10147,1,15,19,21,23,11,12,2008/11/26
10148,3,4,8,10,35,2,6,2008/11/27
10149,5,22,24,25,30,1,6,2008/11/28
10150,5,24,28,29,35,1,9,2008/11/29
10151,1,10,32,33,35,3,8,2008/11/30
10152,2,5,18,22,23,7,12,2008/12/1
10153,6,7,16,24,35,4,6,2008/12/2
11001,7,8,15,32,34,5,12,2008/12/3
11002,11,13,27,28,29,2,6,2008/12/4
11003,1,24,27,30,31,1,6,2008/12/5
11004,7,8,10,23,25,7,9,2008/12/6
11005,1,7,25,27,30,7,12,2008/12/7
11006,2,8,16,26,35,11,12,2008/12/8
11007,14,24,32,33,35,2,9,2008/12/9
11008,1,23,26,27,30,5,6,2008/12/10
11009,9,10,11,14,24,3,8,2008/12/11
11010,4,8,10,14,27,5,7,2008/12/12
11011,2,17,23,24,30,2,9,2008/12/13
11012,3,12,19,25,30,8,11,2008/12/14
11013,5,8,14,28,30,4,6,2008/12/15
11014,2,14,20,21,24,2,9,2008/12/16
11015,8,18,19,22,23,1,3,2008/12/17
11016,15,20,30,33,35,6,9,2008/12/18
11017,16,19,24,26,31,2,4,2008/12/19
11018,16,22,24,32,34,2,10,2008/12/20
11019,8,21,23,27,33,6,11,2008/12/21
11020,9,12,19,22,28,1,5,2008/12/22
11021,1,9,13,17,30,2,8,2008/12/23
11022,9,14,24,25,34,1,4,2008/12/24
11023,5,13,16,18,24,2,12,2008/12/25
11024,12,15,16,20,33,8,12,2008/12/26
11025,8,9,25,28,29,2,10,2008/12/27
11026,1,9,15,20,29,7,9,2008/12/28
11027,5,14,25,34,35,2,5,2008/12/29
11028,1,2,13,17,28,1,4,2008/12/30
11029,3,9,17,24,28,6,12,2008/12/31
11030,15,19,25,30,33,3,8,2009/1/1
11031,12,17,19,22,35,4,11,2009/1/2
11032,7,16,23,31,33,3,10,2009/1/3
11033,3,19,24,29,33,3,9,2009/1/4
11034,3,6,9,17,27,3,9,2009/1/5
11035,3,4,13,15,32,4,9,2009/1/6
11036,3,18,29,30,33,8,9,2009/1/7
11037,1,12,14,22,24,10,12,2009/1/8
11038,7,9,11,13,33,10,12,2009/1/9
11039,1,11,14,22,34,6,8,2009/1/10
11040,3,7,15,18,20,1,6,2009/1/11
11041,4,5,11,13,25,3,6,2009/1/12
11042,6,9,18,30,32,10,12,2009/1/13
11043,2,8,23,33,35,5,10,2009/1/14
11044,11,21,24,26,31,6,7,2009/1/15
11045,13,21,22,29,31,7,11,2009/1/16
11046,9,15,16,19,29,4,6,2009/1/17
11047,2,15,22,33,35,5,8,2009/1/18
11048,13,17,25,27,28,2,3,2009/1/19
11049,5,6,10,22,25,1,9,2009/1/20
11050,4,7,29,32,33,8,10,2009/1/21
11051,6,8,12,17,18,5,10,2009/1/22
11052,13,24,31,32,33,3,9,2009/1/23
11053,3,16,28,31,32,1,9,2009/1/24
11054,5,9,16,26,35,3,10,2009/1/25
11055,1,7,31,32,35,2,10,2009/1/26
11056,3,5,29,30,31,8,10,2009/1/27
11057,7,11,30,31,34,9,12,2009/1/28
11058,1,9,27,32,33,3,6,2009/1/29
11059,9,16,21,29,34,7,10,2009/1/30
11060,3,25,29,32,34,9,10,2009/1/31
11061,6,7,16,18,20,4,10,2009/2/1
11062,6,10,17,20,21,3,7,2009/2/2
11063,10,17,18,26,32,1,5,2009/2/3
11064,1,6,27,30,34,1,6,2009/2/4
11065,3,11,14,25,34,1,4,2009/2/5
11066,6,13,18,20,33,9,10,2009/2/6
11067,10,17,22,24,32,3,10,2009/2/7
11068,1,13,16,18,32,7,9,2009/2/8
11069,3,5,28,29,33,4,12,2009/2/9
11070,9,19,22,29,30,2,8,2009/2/10
11071,27,31,33,34,35,4,6,2009/2/11
11072,3,11,13,20,35,3,8,2009/2/12
11073,13,19,20,22,33,5,11,2009/2/13
11074,7,16,23,28,31,3,6,2009/2/14
11075,6,9,20,23,28,6,10,2009/2/15
11076,18,23,25,29,30,1,2,2009/2/16
11077,5,8,19,33,34,1,12,2009/2/17
11078,4,9,16,27,30,2,6,2009/2/18
11079,1,3,23,30,31,2,10,2009/2/19
11080,5,12,30,31,32,1,3,2009/2/20
11081,4,13,20,21,35,2,9,2009/2/21
11082,7,20,25,30,32,5,9,2009/2/22
11083,6,8,18,20,24,4,8,2009/2/23
11084,14,29,31,34,35,1,12,2009/2/24
11085,2,17,19,21,22,3,10,2009/2/25
11086,4,5,6,9,15,1,6,2009/2/26
11087,6,13,20,25,34,7,9,2009/2/27
11088,20,21,27,29,35,3,8,2009/2/28
11089,5,6,23,27,34,3,4,2009/3/1
11090,2,4,29,30,34,5,8,2009/3/2
11091,11,17,23,29,30,6,8,2009/3/3
11092,10,17,19,32,33,1,12,2009/3/4
11093,4,6,8,19,31,10,11,2009/3/5
11094,11,21,22,32,34,4,8,2009/3/6
11095,9,12,17,19,29,6,11,2009/3/7
11096,3,8,20,24,25,1,2,2009/3/8
11097,4,19,28,31,33,11,12,2009/3/9
11098,6,7,28,33,35,1,10,2009/3/10
11099,2,6,9,12,20,5,8,2009/3/11
11100,8,11,13,28,33,8,9,2009/3/12
11101,5,12,20,28,30,3,7,2009/3/13
11102,19,24,28,31,34,4,12,2009/3/14
11103,3,4,26,29,34,1,3,2009/3/15
11104,7,19,27,28,34,2,5,2009/3/16
11105,2,11,26,32,33,5,12,2009/3/17
11106,1,9,29,30,35,5,9,2009/3/18
11107,2,6,18,30,32,1,8,2009/3/19
11108,7,15,18,24,28,1,7,2009/3/20
11109,1,11,12,22,34,8,10,2009/3/21
11110,30,31,33,34,35,4,7,2009/3/22
11111,2,11,13,23,31,11,12,2009/3/23
11112,6,17,28,32,33,8,12,2009/3/24
11113,4,5,7,10,12,4,5,2009/3/25
11114,6,8,17,27,35,2,11,2009/3/26
11115,17,26,30,31,35,6,11,2009/3/27
11116,10,15,18,19,26,7,12,2009/3/28
11117,10,12,28,32,33,3,5,2009/3/29
11118,4,7,11,32,35,5,7,2009/3/30
11119,4,15,20,26,31,6,12,2009/3/31
11120,20,25,26,30,31,9,10,2009/4/1
11121,2,3,30,31,33,3,9,2009/4/2
11122,3,8,23,24,34,5,12,2009/4/3
11123,10,14,18,19,35,1,6,2009/4/4
11124,8,12,14,20,25,6,8,2009/4/5
11125,7,10,27,34,35,10,12,2009/4/6
11126,7,17,29,30,33,10,12,2009/4/7
11127,1,11,22,26,29,5,8,2009/4/8
11128,3,4,6,11,13,1,2,2009/4/9
11129,1,7,13,18,23,4,8,2009/4/10
11130,8,9,13,23,35,11,12,2009/4/11
11131,3,5,12,18,33,7,11,2009/4/12
11132,12,14,16,19,33,2,9,2009/4/13
11133,4,11,23,26,35,3,12,2009/4/14
11134,1,10,12,14,17,9,10,2009/4/15
11135,6,22,29,33,35,3,12,2009/4/16
11136,8,9,11,19,33,3,12,2009/4/17
11137,2,15,18,23,31,1,2,2009/4/18
11138,17,23,26,30,32,6,12,2009/4/19
11139,4,6,10,15,16,3,4,2009/4/20
11140,1,12,32,33,34,9,11,2009/4/21
11141,2,11,19,22,35,10,12,2009/4/22
11142,4,26,30,33,34,4,6,2009/4/23
11143,8,9,12,25,33,7,10,2009/4/24
11144,7,18,24,28,33,2,3,2009/4/25
11145,7,15,19,24,29,4,6,2009/4/26
11146,9,13,19,29,34,2,11,2009/4/27
11147,1,15,16,27,28,2,7,2009/4/28
11148,7,10,11,26,31,3,4,2009/4/29
11149,2,7,12,29,31,3,5,2009/4/30
11150,13,22,30,33,34,6,12,2009/5/1
11151,7,11,14,20,27,3,10,2009/5/2
11152,1,4,6,21,35,2,11,2009/5/3
11153,6,22,29,30,35,3,5,2009/5/4
11154,4,12,16,20,28,8,11,2009/5/5
12001,7,27,28,32,33,1,12,2009/5/6
12002,3,11,14,26,29,7,8,2009/5/7
12003,16,22,24,33,34,3,10,2009/5/8
12004,10,11,22,31,32,6,7,2009/5/9
12005,1,2,29,31,33,7,12,2009/5/10
12006,3,20,22,25,27,1,9,2009/5/11
12007,4,5,13,17,25,7,10,2009/5/12
12008,6,8,30,31,32,1,11,2009/5/13
12009,6,14,20,29,35,9,10,2009/5/14
12010,25,26,29,32,34,5,7,2009/5/15
12011,5,19,22,29,30,2,4,2009/5/16
12012,6,18,22,30,35,2,7,2009/5/17
12013,7,8,11,12,24,1,2,2009/5/18
12014,10,14,24,30,32,1,12,2009/5/19
12015,12,13,24,26,33,6,8,2009/5/20
12016,5,14,20,29,31,8,12,2009/5/21
12017,6,11,22,29,34,3,12,2009/5/22
12018,3,10,14,29,31,4,8,2009/5/23
12019,7,9,17,30,34,1,12,2009/5/24
12020,12,14,27,29,34,3,6,2009/5/25
12021,10,15,21,31,34,7,8,2009/5/26
12022,7,12,20,33,35,1,10,2009/5/27
12023,7,9,17,29,35,9,10,2009/5/28
12024,3,11,17,21,30,3,7,2009/5/29
12025,1,2,5,12,27,4,7,2009/5/30
12026,10,11,22,23,29,2,9,2009/5/31
12027,3,10,11,22,31,5,7,2009/6/1
12028,10,12,15,33,34,3,10,2009/6/2
12029,4,7,8,18,29,7,10,2009/6/3
12030,3,21,22,26,32,1,3,2009/6/4
12031,19,21,23,25,30,3,8,2009/6/5
12032,7,8,16,26,34,7,11,2009/6/6
12033,8,13,19,27,32,1,8,2009/6/7
12034,1,8,15,16,29,8,9,2009/6/8
12035,1,4,30,32,35,8,12,2009/6/9
12036,1,9,20,30,31,8,12,2009/6/10
12037,9,13,27,31,35,3,10,2009/6/11
12038,11,23,25,31,35,1,3,2009/6/12
12039,15,21,22,24,35,1,5,2009/6/13
12040,2,13,23,28,29,1,5,2009/6/14
12041,1,2,13,22,23,2,10,2009/6/15
12042,7,24,27,28,35,7,12,2009/6/16
12043,1,6,25,31,34,3,9,2009/6/17
12044,3,4,14,32,35,1,2,2009/6/18
12045,5,11,17,20,28,11,12,2009/6/19
12046,4,8,19,23,27,4,11,2009/6/20
12047,5,7,17,30,34,3,10,2009/6/21
12048,6,9,26,30,35,5,6,2009/6/22
12049,9,18,22,27,31,10,12,2009/6/23
12050,13,17,22,28,29,1,10,2009/6/24
12051,1,2,17,18,33,5,12,2009/6/25
12052,10,20,26,31,33,10,12,2009/6/26
12053,11,12,26,28,31,7,12,2009/6/27
12054,1,16,18,27,30,10,11,2009/6/28
12055,7,22,26,32,33,1,8,2009/6/29
12056,11,21,23,26,34,7,9,2009/6/30
12057,1,2,14,33,34,3,5,2009/7/1
12058,13,21,29,31,35,4,12,2009/7/2
12059,9,13,19,21,27,3,4,2009/7/3
12060,2,16,21,24,30,6,10,2009/7/4
12061,5,10,14,27,33,7,9,2009/7/5
12062,21,32,33,34,35,8,9,2009/7/6
12063,11,25,26,29,35,1,2,2009/7/7
12064,9,12,13,15,30,9,10,2009/7/8
12065,10,22,28,29,34,5,11,2009/7/9
12066,1,20,25,29,33,4,6,2009/7/10
12067,20,22,27,30,33,1,2,2009/7/11
12068,1,21,31,32,35,3,6,2009/7/12
12069,2,4,22,25,34,2,11,2009/7/13
12070,9,22,23,32,34,6,8,2009/7/14
12071,13,23,29,31,34,6,8,2009/7/15
12072,4,8,17,22,25,4,10,2009/7/16
12073,18,23,29,33,34,2,7,2009/7/17
12074,10,22,23,30,32,1,7,2009/7/18
12075,7,9,10,18,22,5,10,2009/7/19
12076,2,14,16,22,24,2,5,2009/7/20
12077,10,30,32,33,34,2,3,2009/7/21
12078,1,2,23,25,35,5,12,2009/7/22
12079,1,5,25,32,33,1,10,2009/7/23
12080,11,12,14,25,28,2,5,2009/7/24
12081,10,16,17,30,35,1,8,2009/7/25
12082,2,4,9,10,15,8,10,2009/7/26
12083,16,19,28,29,31,5,8,2009/7/27
12084,21,24,27,29,31,1,2,2009/7/28
12085,7,18,29,31,33,10,12,2009/7/29
12086,3,20,25,29,32,5,10,2009/7/30
12087,1,6,7,21,31,4,11,2009/7/31
12088,13,17,24,30,35,2,10,2009/8/1
12089,6,12,21,29,32,6,11,2009/8/2
12090,2,21,27,29,33,2,10,2009/8/3
12091,3,10,28,31,33,1,9,2009/8/4
12092,8,9,23,25,31,2,12,2009/8/5
12093,2,16,21,31,33,4,11,2009/8/6
12094,2,14,23,32,35,1,10,2009/8/7
12095,6,9,22,27,30,8,12,2009/8/8
12096,5,10,19,24,35,8,9,2009/8/9
12097,9,17,24,29,32,1,2,2009/8/10
12098,2,11,28,29,30,6,12,2009/8/11
12099,12,18,24,25,32,2,12,2009/8/12
12100,7,9,13,19,27,1,3,2009/8/13
12101,2,5,8,9,31,3,7,2009/8/14
12102,2,4,6,13,35,4,8,2009/8/15
12103,2,9,18,23,24,1,4,2009/8/16
12104,16,18,24,25,27,4,9,2009/8/17
12105,5,6,14,15,31,6,8,2009/8/18
12106,15,23,25,29,31,9,10,2009/8/19
12107,4,7,9,22,33,1,3,2009/8/20
12108,6,7,12,24,35,2,6,2009/8/21
12109,1,22,30,32,35,9,11,2009/8/22
12110,1,11,17,19,26,5,12,2009/8/23
12111,1,24,25,30,33,4,11,2009/8/24
12112,1,2,28,31,35,5,7,2009/8/25
12113,3,10,22,27,29,3,12,2009/8/26
12114,3,6,21,33,35,1,7,2009/8/27
12115,1,6,13,19,23,6,9,2009/8/28
12116,1,11,18,20,22,7,10,2009/8/29
12117,1,12,18,21,33,7,8,2009/8/30
12118,5,17,25,30,33,1,12,2009/8/31
12119,5,6,9,19,32,6,9,2009/9/1
12120,2,10,21,23,29,3,4,2009/9/2
12121,7,18,20,29,30,5,6,2009/9/3
12122,23,24,25,29,31,3,12,2009/9/4
12123,5,8,18,30,33,1,9,2009/9/5
12124,7,11,19,20,35,5,10,2009/9/6
12125,6,14,17,22,35,1,2,2009/9/7
12126,13,14,21,28,29,5,10,2009/9/8
12127,12,13,14,25,35,10,12,2009/9/9
12128,9,10,19,30,31,4,11,2009/9/10
12129,1,7,21,28,31,3,9,2009/9/11
12130,14,19,23,29,30,6,7,2009/9/12
12131,2,16,18,27,30,8,12,2009/9/13
12132,5,8,21,25,33,1,11,2009/9/14
12133,5,7,13,29,30,1,5,2009/9/15
12134,1,6,18,32,35,2,7,2009/9/16
12135,3,5,17,18,33,6,7,2009/9/17
12136,2,23,29,30,31,1,4,2009/9/18
12137,3,12,20,21,27,1,6,2009/9/19
12138,13,17,27,31,33,6,12,2009/9/20
12139,9,10,12,22,25,4,11,2009/9/21
12140,7,17,27,28,29,9,10,2009/9/22
12141,3,11,19,23,34,2,12,2009/9/23
12142,15,19,29,34,35,7,10,2009/9/24
12143,9,27,29,30,31,3,6,2009/9/25
12144,11,13,14,21,29,1,10,2009/9/26
12145,5,22,31,33,35,6,9,2009/9/27
12146,1,10,13,17,26,6,8,2009/9/28
12147,2,3,17,19,33,2,9,2009/9/29
12148,4,16,27,29,34,6,11,2009/9/30
12149,2,10,23,33,34,5,10,2009/10/1
12150,2,14,18,24,31,2,3,2009/10/2
12151,3,19,20,24,33,3,4,2009/10/3
12152,4,17,26,33,34,2,8,2009/10/4
12153,8,9,10,13,22,5,10,2009/10/5
12154,3,26,27,31,32,3,9,2009/10/6
13001,6,9,11,31,32,5,11,2009/10/7
13002,4,20,27,31,32,6,12,2009/10/8
13003,1,16,18,21,31,9,12,2009/10/9
13004,7,8,12,20,25,3,7,2009/10/10
13005,18,22,26,28,31,10,12,2009/10/11
13006,8,20,25,31,32,5,7,2009/10/12
13007,14,29,32,33,34,3,6,2009/10/13
13008,2,7,25,29,34,3,6,2009/10/14
13009,10,17,19,27,29,5,12,2009/10/15
13010,9,15,17,18,29,9,11,2009/10/16
13011,1,2,8,15,23,6,9,2009/10/17
13012,1,14,31,32,34,2,11,2009/10/18
13013,13,15,29,30,35,1,11,2009/10/19
13014,5,8,25,29,31,2,4,2009/10/20
13015,14,15,26,32,33,1,11,2009/10/21
13016,5,15,19,27,32,8,9,2009/10/22
13017,11,14,22,29,34,5,11,2009/10/23
13018,20,23,31,33,34,3,9,2009/10/24
13019,6,12,17,29,30,7,11,2009/10/25
13020,6,11,20,31,32,5,9,2009/10/26
13021,23,24,28,30,33,1,11,2009/10/27
13022,3,4,13,17,23,3,8,2009/10/28
13023,5,19,24,26,35,5,7,2009/10/29
13024,9,12,14,18,24,1,4,2009/10/30
13025,3,23,25,26,28,10,12,2009/10/31
13026,2,10,16,30,33,5,6,2009/11/1
13027,3,12,14,24,35,3,8,2009/11/2
13028,13,19,28,30,34,8,12,2009/11/3
13029,5,7,17,25,26,4,10,2009/11/4
13030,3,5,9,10,28,5,7,2009/11/5
13031,12,17,18,26,32,10,11,2009/11/6
13032,12,27,28,33,35,1,8,2009/11/7
13033,12,18,22,28,31,1,11,2009/11/8
13034,1,3,11,19,29,4,8,2009/11/9
13035,5,14,28,32,34,7,8,2009/11/10
13036,8,12,32,33,35,3,5,2009/11/11
13037,2,26,31,32,34,6,8,2009/11/12
13038,1,19,24,25,26,7,9,2009/11/13
13039,6,23,30,33,35,7,10,2009/11/14
13040,16,17,22,26,35,3,10,2009/11/15
13041,3,13,14,15,34,5,8,2009/11/16
13042,2,6,22,23,33,1,6,2009/11/17
13043,7,13,25,34,35,7,9,2009/11/18
13044,7,11,13,18,28,5,10,2009/11/19
13045,8,11,12,21,25,2,7,2009/11/20
13046,15,16,19,25,32,5,11,2009/11/21
13047,12,20,28,30,35,3,11,2009/11/22
13048,10,11,23,32,33,1,4,2009/11/23
13049,18,22,25,31,32,4,6,2009/11/24
13050,14,22,30,32,33,7,8,2009/11/25
13051,5,8,15,18,33,7,8,2009/11/26
13052,1,2,10,29,31,1,10,2009/11/27
13053,13,31,33,34,35,5,7,2009/11/28
13054,5,8,21,30,32,1,8,2009/11/29
13055,4,5,22,23,24,3,9,2009/11/30
13056,11,22,30,32,35,3,4,2009/12/1
13057,7,15,27,33,35,7,10,2009/12/2
13058,20,21,27,31,35,7,11,2009/12/3
13059,3,8,11,24,27,7,12,2009/12/4
13060,15,25,26,32,35,5,10,2009/12/5
13061,1,14,18,21,32,5,10,2009/12/6
13062,1,5,8,9,12,9,12,2009/12/7
13063,3,5,11,27,28,5,6,2009/12/8
13064,21,24,26,28,32,1,3,2009/12/9
13065,9,28,31,34,35,2,9,2009/12/10
13066,6,7,13,33,34,2,11,2009/12/11
13067,2,3,5,8,29,10,12,2009/12/12
13068,10,17,27,34,35,5,7,2009/12/13
13069,6,12,13,16,30,7,12,2009/12/14
13070,9,12,18,21,29,1,8,2009/12/15
13071,13,19,26,27,28,3,11,2009/12/16
13072,12,27,28,33,35,3,5,2009/12/17
13073,3,5,23,27,31,2,6,2009/12/18
13074,6,14,20,24,32,1,7,2009/12/19
13075,1,11,13,19,35,7,8,2009/12/20
13076,13,15,16,26,27,9,10,2009/12/21
13077,24,26,30,32,35,6,12,2009/12/22
13078,2,7,23,31,33,2,8,2009/12/23
13079,9,10,17,21,34,1,7,2009/12/24
13080,6,21,23,27,31,4,6,2009/12/25
13081,7,9,15,17,23,2,7,2009/12/26
13082,3,9,25,26,33,3,12,2009/12/27
13083,26,29,30,32,35,4,10,2009/12/28
13084,8,22,26,29,35,1,5,2009/12/29
13085,8,19,23,27,32,3,5,2009/12/30
13086,9,16,26,29,31,6,9,2009/12/31
13087,9,12,22,32,34,2,4,2010/1/1
13088,3,5,8,33,35,1,3,2010/1/2
13089,6,7,23,24,29,4,11,2010/1/3
13090,2,26,30,31,33,11,12,2010/1/4
13091,4,9,28,34,35,2,8,2010/1/5
13092,7,10,21,27,33,3,9,2010/1/6
13093,1,5,17,18,26,5,7,2010/1/7
13094,3,28,33,34,35,6,9,2010/1/8
13095,3,17,28,30,33,1,10,2010/1/9
13096,17,19,20,22,26,6,8,2010/1/10
13097,7,8,13,17,32,3,8,2010/1/11
13098,2,6,16,29,34,10,11,2010/1/12
13099,4,11,28,30,33,5,12,2010/1/13
13100,9,12,24,26,30,5,9,2010/1/14
13101,4,9,13,15,32,2,9,2010/1/15
13102,6,12,15,19,26,2,11,2010/1/16
13103,5,8,13,16,31,3,9,2010/1/17
13104,2,5,11,27,29,1,11,2010/1/18
13105,7,13,27,30,34,1,12,2010/1/19
13106,6,7,12,13,27,3,12,2010/1/20
13107,7,13,14,18,25,5,12,2010/1/21
13108,5,10,13,15,18,2,11,2010/1/22
13109,13,20,26,29,32,2,6,2010/1/23
13110,7,16,18,32,33,2,7,2010/1/24
13111,7,12,13,20,27,1,3,2010/1/25
13112,2,10,20,22,29,5,12,2010/1/26
13113,19,21,23,28,30,8,12,2010/1/27
13114,6,17,21,23,33,1,9,2010/1/28
13115,5,16,29,32,34,4,11,2010/1/29
13116,13,22,23,30,33,9,11,2010/1/30
13117,5,16,23,25,33,7,12,2010/1/31
13118,4,6,11,20,31,1,5,2010/2/1
13119,1,2,16,23,35,1,11,2010/2/2
13120,6,14,15,22,26,3,11,2010/2/3
13121,3,18,19,20,24,3,12,2010/2/4
13122,15,17,20,24,35,4,12,2010/2/5
13123,2,9,10,33,34,5,12,2010/2/6
13124,5,7,18,21,32,10,11,2010/2/7
13125,4,8,14,23,28,4,8,2010/2/8
13126,9,10,15,18,30,3,6,2010/2/9
13127,3,14,16,19,32,5,10,2010/2/10
13128,11,13,27,33,35,1,2,2010/2/11
13129,11,23,29,30,33,1,4,2010/2/12
13130,8,9,15,19,30,6,9,2010/2/13
13131,12,15,29,30,31,4,12,2010/2/14
13132,23,26,28,31,34,2,10,2010/2/15
13133,2,8,10,16,17,9,12,2010/2/16
13134,2,13,19,23,32,2,9,2010/2/17
13135,4,13,19,25,26,7,12,2010/2/18
13136,5,11,15,25,28,5,11,2010/2/19
13137,4,12,32,33,34,6,8,2010/2/20
13138,3,8,13,17,24,7,9,2010/2/21
13139,5,6,18,20,31,6,7,2010/2/22
13140,1,12,17,26,28,1,6,2010/2/23
13141,5,15,18,25,31,8,10,2010/2/24
13142,6,11,25,28,29,4,12,2010/2/25
13143,3,8,14,21,31,6,8,2010/2/26
13144,3,20,21,23,35,2,8,2010/2/27
13145,2,13,15,18,20,2,11,2010/2/28
13146,6,7,15,25,31,1,9,2010/3/1
13147,3,9,22,24,25,5,9,2010/3/2
13148,2,5,9,29,32,3,7,2010/3/3
13149,6,7,8,9,13,5,7,2010/3/4
13150,6,7,14,18,22,8,11,2010/3/5
13151,2,13,21,27,30,3,4,2010/3/6
13152,9,12,14,18,19,3,9,2010/3/7
13153,4,5,16,17,30,3,9,2010/3/8
14001,5,13,20,23,29,8,11,2010/3/9
14002,1,12,21,24,29,1,7,2010/3/10
14003,7,11,13,21,33,5,6,2010/3/11
14004,7,10,19,27,28,9,12,2010/3/12
14005,15,17,18,29,33,4,8,2010/3/13
14006,1,4,7,16,35,6,8,2010/3/14
14007,8,11,14,21,32,3,11,2010/3/15
14008,11,13,20,28,35,1,5,2010/3/16
14009,10,18,25,29,33,7,8,2010/3/17
14010,5,10,20,26,27,1,3,2010/3/18
14011,4,6,14,24,35,7,12,2010/3/19
14012,9,20,21,23,29,5,7,2010/3/20
14013,10,11,13,22,28,4,12,2010/3/21
14014,1,9,11,27,29,3,11,2010/3/22
14015,4,6,18,20,30,5,7,2010/3/23
14016,4,6,13,24,34,4,9,2010/3/24
14017,5,10,11,23,34,1,10,2010/3/25
14018,8,9,12,28,34,2,12,2010/3/26
14019,7,12,22,29,32,11,12,2010/3/27
14020,1,14,17,30,35,6,7,2010/3/28
14021,6,10,17,23,24,3,9,2010/3/29
14022,3,6,10,16,25,10,11,2010/3/30
14023,4,13,15,29,33,5,9,2010/3/31
14024,7,11,15,31,32,6,11,2010/4/1
14025,19,20,27,32,34,6,8,2010/4/2
14026,5,10,12,15,26,4,8,2010/4/3
14027,9,10,24,28,29,10,12,2010/4/4
14028,3,10,20,25,30,10,12,2010/4/5
14029,3,21,22,23,35,5,9,2010/4/6
14030,3,14,18,29,35,11,12,2010/4/7
14031,6,15,27,32,33,3,4,2010/4/8
14032,2,5,6,9,31,2,9,2010/4/9
14033,1,7,8,28,29,4,8,2010/4/10
14034,3,11,14,27,32,5,7,2010/4/11
14035,9,12,14,28,29,3,10,2010/4/12
14036,1,2,12,17,29,3,8,2010/4/13
14037,3,4,8,19,34,2,4,2010/4/14
14038,7,8,12,20,32,3,5,2010/4/15
14039,2,5,11,15,20,8,11,2010/4/16
14040,12,15,21,30,33,2,8,2010/4/17
14041,5,7,11,15,18,5,12,2010/4/18
14042,16,21,25,27,35,6,11,2010/4/19
14043,1,11,23,29,30,1,12,2010/4/20
14044,22,23,25,27,35,3,11,2010/4/21
14045,6,10,12,16,30,2,11,2010/4/22
14046,3,15,18,21,26,1,6,2010/4/23
14047,6,17,18,30,34,6,12,2010/4/24
14048,1,2,5,15,35,1,11,2010/4/25
14049,3,15,17,22,31,3,5,2010/4/26
14050,10,18,27,28,35,1,6,2010/4/27
14051,1,7,11,29,30,3,11,2010/4/28
14052,14,19,21,24,30,2,7,2010/4/29
14053,2,11,17,27,30,3,4,2010/4/30
14054,2,3,20,25,34,1,12,2010/5/1
14055,4,23,26,27,35,10,11,2010/5/2
14056,12,18,28,29,35,7,8,2010/5/3
14057,8,10,20,27,33,1,9,2010/5/4
14058,9,15,22,24,26,2,7,2010/5/5
14059,7,15,17,25,29,4,11,2010/5/6
14060,12,22,29,30,34,5,11,2010/5/7
14061,4,11,17,20,29,6,10,2010/5/8
14062,4,7,17,24,25,2,4,2010/5/9
14063,11,17,21,23,34,3,4,2010/5/10
14064,8,15,33,34,35,1,8,2010/5/11
14065,7,12,19,31,33,7,12,2010/5/12
14066,8,14,16,20,31,3,11,2010/5/13
14067,3,18,23,24,31,3,7,2010/5/14
14068,5,15,24,29,35,5,6,2010/5/15
14069,16,22,27,29,31,2,9,2010/5/16
14070,1,2,7,10,32,4,12,2010/5/17
14071,4,14,15,22,23,1,7,2010/5/18
14072,17,19,22,24,30,2,9,2010/5/19
14073,4,5,7,13,35,5,6,2010/5/20
14074,6,11,22,27,30,5,11,2010/5/21
14075,5,7,29,32,35,4,10,2010/5/22
14076,5,10,19,31,32,9,10,2010/5/23
14077,9,16,26,31,32,1,5,2010/5/24
14078,10,15,16,22,28,4,5,2010/5/25
14079,9,10,20,31,32,6,10,2010/5/26
14080,17,20,23,25,27,3,10,2010/5/27
14081,3,5,8,10,25,9,12,2010/5/28
14082,1,8,18,23,25,8,12,2010/5/29
14083,18,20,24,33,35,5,10,2010/5/30
14084,2,7,9,11,28,5,9,2010/5/31
14085,6,12,13,25,29,11,12,2010/6/1
14086,6,8,27,29,35,3,9,2010/6/2
14087,4,7,31,33,35,9,10,2010/6/3
14088,7,13,20,25,26,8,11,2010/6/4
14089,2,8,12,29,30,7,12,2010/6/5
14090,2,3,20,23,28,6,8,2010/6/6
14091,10,16,18,29,32,2,7,2010/6/7
14092,2,18,27,30,32,5,11,2010/6/8
14093,3,8,30,32,34,9,11,2010/6/9
14094,13,14,24,25,34,4,7,2010/6/10
14095,6,22,30,31,34,5,6,2010/6/11
14096,3,7,21,23,31,5,10,2010/6/12
14097,3,15,20,21,23,7,9,2010/6/13
14098,16,18,22,25,35,3,10,2010/6/14
14099,15,21,22,23,33,1,7,2010/6/15
14100,2,4,8,12,35,1,7,2010/6/16
14101,9,10,12,17,28,3,11,2010/6/17
14102,1,7,14,19,20,3,12,2010/6/18
14103,14,20,23,25,26,10,12,2010/6/19
14104,7,13,14,28,32,4,11,2010/6/20
14105,4,10,26,29,32,4,8,2010/6/21
14106,5,9,11,20,22,5,11,2010/6/22
14107,5,13,14,21,34,8,10,2010/6/23
14108,1,2,13,23,35,9,12,2010/6/24
14109,15,18,20,21,23,1,2,2010/6/25
14110,9,18,19,22,24,8,11,2010/6/26
14111,11,16,18,20,29,3,4,2010/6/27
14112,3,5,14,18,32,2,10,2010/6/28
14113,2,13,17,19,23,1,6,2010/6/29
14114,3,16,24,30,33,5,8,2010/6/30
14115,1,5,26,29,30,2,10,2010/7/1
14116,6,13,15,24,27,4,5,2010/7/2
14117,3,14,17,18,33,6,9,2010/7/3
14118,2,3,23,24,26,5,11,2010/7/4
14119,4,8,9,13,18,8,12,2010/7/5
14120,1,4,6,18,33,5,11,2010/7/6
14121,13,16,18,22,32,8,10,2010/7/7
14122,3,10,25,26,35,1,7,2010/7/8
14123,1,9,12,22,25,2,9,2010/7/9
14124,1,3,28,29,35,8,12,2010/7/10
14125,12,15,19,23,31,4,10,2010/7/11
14126,2,9,22,30,34,9,10,2010/7/12
14127,2,4,6,15,19,2,11,2010/7/13
14128,2,4,16,22,34,8,11,2010/7/14
14129,7,22,28,30,32,5,6,2010/7/15
14130,2,18,31,32,33,5,7,2010/7/16
14131,3,16,19,23,27,3,7,2010/7/17
14132,1,3,4,19,32,1,7,2010/7/18
14133,2,8,12,14,18,4,12,2010/7/19
14134,2,5,7,11,32,9,12,2010/7/20
14135,20,26,28,30,35,9,12,2010/7/21
14136,4,18,20,34,35,7,11,2010/7/22
14137,2,11,16,22,34,2,5,2010/7/23
14138,1,7,29,32,34,9,12,2010/7/24
14139,3,5,7,15,34,1,10,2010/7/25
14140,1,19,20,25,34,7,12,2010/7/26
14141,4,17,20,26,29,5,8,2010/7/27
14142,18,21,25,28,30,4,6,2010/7/28
14143,1,11,14,18,25,6,10,2010/7/29
14144,1,21,24,25,35,4,11,2010/7/30
14145,15,19,22,24,26,10,11,2010/7/31
14146,2,16,23,24,28,10,11,2010/8/1
14147,5,9,14,26,34,2,9,2010/8/2
14148,3,9,10,11,20,7,9,2010/8/3
14149,2,13,19,26,35,1,5,2010/8/4
14150,19,21,30,33,35,5,7,2010/8/5
14151,3,8,26,31,32,8,12,2010/8/6
14152,5,12,18,24,33,1,5,2010/8/7
14153,1,8,13,24,32,5,10,2010/8/8
14154,5,12,17,23,28,2,9,2010/8/9
15001,8,9,19,27,30,6,7,2010/8/10
15002,3,14,20,26,32,6,10,2010/8/11
15003,12,19,27,28,34,1,12,2010/8/12
15004,3,12,14,18,28,5,6,2010/8/13
15005,11,14,15,18,19,7,8,2010/8/14
15006,6,8,30,32,33,3,7,2010/8/15
15007,2,7,8,14,31,4,8,2010/8/16
15008,7,10,11,15,17,3,10,2010/8/17
15009,17,22,26,27,33,6,10,2010/8/18
15010,2,6,17,30,35,2,7,2010/8/19
15011,4,13,22,25,30,1,6,2010/8/20
15012,3,4,6,11,31,5,9,2010/8/21
15013,11,15,25,28,35,7,10,2010/8/22
15014,8,16,25,29,35,3,10,2010/8/23
15015,1,5,13,17,32,4,11,2010/8/24
15016,6,7,16,20,34,9,11,2010/8/25
15017,7,13,16,17,29,1,7,2010/8/26
15018,4,7,10,23,31,3,7,2010/8/27
15019,2,8,16,22,24,1,3,2010/8/28
15020,11,26,28,29,32,1,4,2010/8/29
15021,22,23,24,26,31,5,6,2010/8/30
15022,9,11,14,15,26,11,12,2010/8/31
15023,6,9,11,12,22,3,11,2010/9/1
15024,2,6,8,16,34,3,4,2010/9/2
15025,7,10,20,22,27,10,11,2010/9/3
15026,11,13,14,15,22,2,8,2010/9/4
15027,5,21,22,25,28,3,10,2010/9/5
15028,3,9,28,32,33,9,10,2010/9/6
15029,7,10,19,30,35,3,5,2010/9/7
15030,9,18,19,26,31,2,5,2010/9/8
15031,7,21,29,32,33,4,12,2010/9/9
15032,6,21,25,27,30,7,11,2010/9/10
15033,3,17,22,26,28,3,7,2010/9/11
15034,4,8,15,18,26,5,9,2010/9/12
15035,22,24,29,30,35,1,10,2010/9/13
15036,14,18,20,23,24,4,8,2010/9/14
15037,10,16,21,28,31,7,8,2010/9/15
15038,12,19,22,31,35,7,8,2010/9/16
15039,3,6,7,16,25,1,6,2010/9/17
15040,2,9,10,23,35,9,12,2010/9/18
15041,1,11,21,23,28,1,10,2010/9/19
15042,3,7,12,17,24,2,11,2010/9/20
15043,2,20,22,25,29,2,7,2010/9/21
15044,16,18,27,31,33,1,3,2010/9/22
15045,8,9,22,29,30,8,12,2010/9/23
15046,5,7,10,22,26,4,10,2010/9/24
15047,1,2,17,23,31,5,12,2010/9/25
15048,10,11,22,24,33,2,9,2010/9/26
15049,8,9,11,15,22,8,10,2010/9/27
15050,6,7,10,20,28,2,7,2010/9/28
15051,1,2,11,16,21,1,5,2010/9/29
15052,13,19,24,27,29,7,8,2010/9/30
15053,8,25,28,29,32,4,7,2010/10/1
15054,2,9,15,24,34,3,9,2010/10/2
15055,6,11,14,20,30,5,10,2010/10/3
15056,6,12,19,26,35,3,10,2010/10/4
15057,1,5,7,14,26,4,6,2010/10/5
15058,10,14,20,27,30,7,12,2010/10/6
15059,7,9,19,23,32,1,3,2010/10/7
15060,16,24,25,26,33,4,11,2010/10/8
15061,6,7,8,16,22,2,10,2010/10/9
15062,6,7,13,14,15,1,4,2010/10/10
15063,1,4,6,34,35,2,4,2010/10/11
15064,2,8,20,28,31,7,10,2010/10/12
15065,4,5,7,13,35,8,11,2010/10/13
15066,1,3,7,13,29,2,10,2010/10/14
15067,4,10,18,24,27,4,11,2010/10/15
15068,2,3,20,31,35,4,8,2010/10/16
15069,2,9,11,22,25,1,7,2010/10/17
15070,3,9,12,17,18,4,12,2010/10/18
15071,4,6,13,16,34,4,10,2010/10/19
15072,19,20,21,31,33,9,10,2010/10/20
15073,9,26,27,30,34,1,6,2010/10/21
15074,1,12,21,27,33,4,9,2010/10/22
15075,13,14,26,27,33,10,12,2010/10/23
15076,3,19,21,31,34,5,12,2010/10/24
15077,1,16,17,22,28,2,9,2010/10/25
15078,19,24,26,28,33,1,2,2010/10/26
15079,1,9,17,23,24,4,5,2010/10/27
15080,14,20,29,30,32,3,8,2010/10/28
15081,3,4,10,13,17,5,9,2010/10/29
15082,8,15,28,31,33,3,6,2010/10/30
15083,14,16,19,25,29,10,12,2010/10/31
15084,10,20,21,32,34,6,7,2010/11/1
15085,2,3,4,6,16,3,12,2010/11/2
15086,5,9,11,15,32,4,9,2010/11/3
15087,2,5,15,17,22,1,11,2010/11/4
15088,5,15,28,31,34,11,12,2010/11/5
15089,5,12,18,20,27,10,12,2010/11/6
15090,6,9,11,17,21,6,8,2010/11/7
15091,2,7,28,29,30,3,7,2010/11/8
15092,2,14,21,27,34,5,8,2010/11/9
15093,16,17,25,26,27,2,4,2010/11/10
15094,2,3,10,11,29,3,7,2010/11/11
15095,8,14,26,34,35,5,10,2010/11/12
15096,3,9,12,18,21,2,6,2010/11/13
15097,4,16,17,26,27,1,4,2010/11/14
15098,9,14,21,27,33,6,9,2010/11/15
15099,9,12,14,22,25,5,10,2010/11/16
15100,9,15,18,23,32,5,7,2010/11/17
15101,6,12,17,18,32,7,12,2010/11/18
15102,11,14,15,33,34,3,12,2010/11/19
15103,7,9,15,25,34,4,10,2010/11/20
15104,16,19,25,30,34,4,9,2010/11/21
15105,8,9,15,21,27,5,9,2010/11/22
15106,2,11,13,22,30,2,3,2010/11/23
15107,3,23,25,28,29,6,7,2010/11/24
15108,1,13,16,26,31,7,12,2010/11/25
15109,1,6,11,22,31,3,12,2010/11/26
15110,2,7,10,22,30,7,11,2010/11/27
15111,7,8,16,24,28,3,10,2010/11/28
15112,4,5,15,19,28,4,11,2010/11/29
15113,1,14,21,29,33,2,10,2010/11/30
15114,9,18,24,31,34,2,10,2010/12/1
15115,8,12,13,14,16,3,9,2010/12/2
15116,7,10,19,24,33,3,7,2010/12/3
15117,6,17,20,30,33,10,11,2010/12/4
15118,3,7,20,24,31,4,9,2010/12/5
15119,1,8,12,16,21,6,11,2010/12/6
15120,1,9,15,24,32,5,10,2010/12/7
15121,2,4,17,27,28,4,6,2010/12/8
15122,11,13,15,26,35,6,11,2010/12/9
15123,4,15,27,29,30,2,10,2010/12/10
15124,4,6,12,31,32,3,6,2010/12/11
15125,2,3,15,17,28,8,10,2010/12/12
15126,4,5,8,9,21,3,6,2010/12/13
15127,9,11,14,19,30,3,8,2010/12/14
15128,10,12,23,30,32,3,4,2010/12/15
15129,1,6,23,25,29,3,9,2010/12/16
15130,17,25,31,32,34,2,12,2010/12/17
15131,11,17,19,20,27,2,3,2010/12/18
15132,3,8,14,18,27,1,5,2010/12/19
15133,3,7,8,25,30,4,8,2010/12/20
15134,1,2,6,15,35,4,7,2010/12/21
15135,5,16,20,25,29,6,8,2010/12/22
15136,5,20,23,29,32,2,10,2010/12/23
15137,14,17,21,23,26,8,11,2010/12/24
15138,1,16,20,29,32,4,7,2010/12/25
15139,2,3,5,25,32,5,7,2010/12/26
15140,1,11,15,26,35,6,11,2010/12/27
15141,2,4,15,19,31,2,3,2010/12/28
15142,12,14,22,26,30,3,6,2010/12/29
15143,9,20,31,33,35,10,11,2010/12/30
15144,1,9,24,26,29,6,11,2010/12/31
15145,6,7,20,29,32,11,12,2011/1/1
15146,4,15,19,27,31,4,11,2011/1/2
15147,1,2,13,18,19,8,10,2011/1/3
15148,8,11,27,31,33,8,9,2011/1/4
15149,4,6,10,12,28,2,8,2011/1/5
15150,4,13,18,25,33,3,7,2011/1/6
15151,15,16,18,30,35,1,7,2011/1/7
15152,4,5,22,29,35,2,11,2011/1/8
15153,1,7,22,27,33,2,11,2011/1/9
16001,1,7,19,20,30,5,10,2011/1/10
16002,7,12,18,25,35,7,9,2011/1/11
16003,4,12,17,22,26,6,7,2011/1/12
16004,10,20,23,32,35,9,10,2011/1/13
16005,6,9,12,15,20,8,11,2011/1/14
16006,14,16,17,22,24,2,9,2011/1/15
16007,2,5,14,32,35,1,3,2011/1/16
16008,5,12,31,34,35,4,5,2011/1/17
16009,5,8,10,17,20,2,12,2011/1/18
16010,12,13,15,16,28,2,5,2011/1/19
16011,2,8,10,15,23,5,10,2011/1/20
16012,5,7,11,23,28,3,12,2011/1/21
16013,3,21,23,31,35,2,11,2011/1/22
16014,6,8,21,24,27,2,10,2011/1/23
16015,1,4,10,13,30,3,9,2011/1/24
16016,3,10,22,29,32,2,5,2011/1/25
16017,11,18,24,28,29,5,10,2011/1/26
16018,5,10,13,27,33,8,11,2011/1/27
16019,4,11,15,20,26,8,9,2011/1/28
16020,1,16,22,29,30,2,9,2011/1/29
16021,1,4,9,10,35,9,11,2011/1/30
16022,4,18,21,30,35,2,11,2011/1/31
16023,4,9,14,25,27,6,11,2011/2/1
16024,1,2,11,15,18,4,8,2011/2/2
16025,3,6,13,23,24,7,10,2011/2/3
16026,2,6,29,30,34,1,7,2011/2/4
16027,6,11,13,15,28,2,6,2011/2/5
16028,13,18,20,23,31,3,6,2011/2/6
16029,20,26,27,29,32,5,12,2011/2/7
16030,10,19,21,29,33,4,6,2011/2/8
16031,3,14,24,27,29,4,11,2011/2/9
16032,5,9,14,20,33,5,12,2011/2/10
16033,3,14,15,31,35,9,10,2011/2/11
16034,14,18,31,32,35,9,10,2011/2/12
16035,17,22,24,25,29,9,12,2011/2/13
16036,7,15,26,30,31,3,6,2011/2/14
16037,3,5,13,24,34,3,5,2011/2/15
16038,3,7,9,15,33,5,12,2011/2/16
16039,1,8,16,22,28,4,5,2011/2/17
16040,20,22,29,30,35,1,6,2011/2/18
16041,12,23,24,27,34,3,6,2011/2/19
16042,2,6,8,19,24,1,6,2011/2/20
16043,1,9,16,33,34,9,12,2011/2/21
16044,1,6,10,20,31,5,11,2011/2/22
16045,7,11,25,30,33,2,8,2011/2/23
16046,3,19,22,32,34,8,12,2011/2/24
16047,2,3,23,29,32,5,9,2011/2/25
16048,4,12,17,25,27,4,10,2011/2/26
16049,3,4,5,27,33,4,9,2011/2/27
16050,7,17,21,29,35,4,5,2011/2/28
16051,16,21,23,24,32,7,8,2011/3/1
16052,8,14,19,20,33,10,11,2011/3/2
16053,4,13,15,30,35,3,5,2011/3/3
16054,2,5,9,21,30,6,7,2011/3/4
16055,6,21,27,30,34,4,9,2011/3/5
16056,10,12,14,31,35,4,5,2011/3/6
16057,8,17,19,23,30,3,8,2011/3/7
16058,2,15,17,23,28,5,9,2011/3/8
16059,2,10,27,28,33,5,7,2011/3/9
16060,2,6,22,27,34,8,11,2011/3/10
16061,9,15,17,21,23,7,12,2011/3/11
16062,2,10,14,15,35,1,9,2011/3/12
16063,8,12,22,27,35,5,9,2011/3/13
16064,1,2,10,18,35,5,11,2011/3/14
16065,1,9,18,22,24,11,12,2011/3/15
16066,10,28,29,31,33,5,11,2011/3/16
16067,2,8,11,13,19,2,8,2011/3/17
16068,5,7,22,26,34,7,12,2011/3/18
16069,14,17,19,23,30,2,9,2011/3/19
16070,2,9,13,19,23,5,7,2011/3/20
16071,8,15,19,20,33,7,12,2011/3/21
16072,16,20,24,26,31,4,9,2011/3/22
16073,7,14,17,24,27,8,10,2011/3/23
16074,1,5,7,11,14,3,8,2011/3/24
16075,3,7,17,22,31,8,12,2011/3/25
16076,3,8,10,17,31,5,6,2011/3/26
16077,9,11,14,16,35,2,5,2011/3/27
16078,7,18,29,31,35,5,11,2011/3/28
16079,7,14,15,20,27,5,10,2011/3/29
16080,15,20,29,30,33,7,12,2011/3/30
16081,6,7,18,21,33,3,8,2011/3/31
16082,3,8,23,28,29,2,7,2011/4/1
16083,1,5,9,33,35,1,5,2011/4/2
16084,8,12,15,26,35,1,8,2011/4/3
16085,14,15,27,31,32,1,7,2011/4/4
16086,3,5,22,25,30,7,9,2011/4/5
16087,3,16,17,23,25,7,9,2011/4/6
16088,4,6,17,21,30,6,11,2011/4/7
16089,7,14,17,28,34,7,10,2011/4/8
16090,4,6,8,28,32,7,12,2011/4/9
16091,8,13,17,21,22,2,8,2011/4/10
16092,2,13,31,33,34,7,11,2011/4/11
16093,1,8,14,30,35,6,7,2011/4/12
16094,1,14,16,17,18,5,7,2011/4/13
16095,8,12,18,19,21,3,6,2011/4/14
16096,1,6,8,12,21,5,10,2011/4/15
16097,6,8,18,31,33,10,12,2011/4/16
16098,8,9,11,20,29,4,5,2011/4/17
16099,3,4,12,14,27,1,5,2011/4/18
16100,8,12,19,26,30,2,12,2011/4/19
16101,4,6,28,33,35,7,12,2011/4/20
16102,3,5,6,34,35,3,12,2011/4/21
16103,5,14,20,23,29,3,11,2011/4/22
16104,1,20,22,23,30,6,7,2011/4/23
16105,8,11,31,34,35,1,2,2011/4/24
16106,3,21,30,33,35,1,4,2011/4/25
16107,2,6,19,24,26,4,6,2011/4/26
16108,10,17,22,23,25,7,9,2011/4/27
16109,3,25,28,31,34,11,12,2011/4/28
16110,7,20,21,23,30,7,10,2011/4/29
16111,4,9,22,26,27,2,12,2011/4/30
16112,7,22,23,31,32,4,5,2011/5/1
16113,10,11,17,30,34,3,12,2011/5/2
16114,16,17,20,32,33,3,7,2011/5/3
16115,1,4,15,31,34,2,11,2011/5/4
16116,4,6,8,19,34,10,12,2011/5/5
16117,3,9,14,16,23,2,9,2011/5/6
16118,12,15,18,24,29,3,11,2011/5/7
16119,2,3,9,21,22,5,10,2011/5/8
16120,3,10,20,32,34,4,7,2011/5/9
16121,4,5,8,15,20,1,6,2011/5/10
16122,1,3,12,14,29,2,6,2011/5/11
16123,4,5,13,20,32,1,10,2011/5/12
16124,4,13,24,26,29,8,11,2011/5/13
16125,6,7,8,28,30,1,2,2011/5/14
16126,11,13,16,19,24,6,8,2011/5/15
16127,1,5,15,24,26,9,10,2011/5/16
16128,17,20,22,30,33,7,8,2011/5/17
16129,7,8,19,30,35,8,9,2011/5/18
16130,11,23,32,33,34,1,12,2011/5/19
16131,6,13,25,28,30,2,7,2011/5/20
16132,4,18,19,22,35,1,2,2011/5/21
16133,1,4,5,23,28,5,9,2011/5/22
16134,1,3,31,32,34,2,7,2011/5/23
16135,1,10,12,18,35,1,12,2011/5/24
16136,5,6,7,19,23,4,11,2011/5/25
16137,7,20,23,29,34,2,10,2011/5/26
16138,12,13,16,29,35,5,11,2011/5/27
16139,13,21,30,31,35,1,8,2011/5/28
16140,12,16,23,29,34,4,11,2011/5/29
16141,2,6,7,19,28,11,12,2011/5/30
16142,1,6,17,23,26,6,12,2011/5/31
16143,4,6,22,27,31,6,7,2011/6/1
16144,4,5,13,22,31,5,10,2011/6/2
16145,1,9,11,17,28,3,8,2011/6/3
16146,21,22,25,29,34,1,11,2011/6/4
16147,7,19,20,28,30,4,12,2011/6/5
16148,5,14,15,23,25,6,8,2011/6/6
16149,1,2,3,12,33,4,9,2011/6/7
16150,1,10,18,24,29,7,10,2011/6/8
16151,4,7,11,14,21,5,12,2011/6/9
16152,8,17,22,24,30,5,11,2011/6/10
16153,13,18,25,29,35,3,11,2011/6/11
16154,6,16,17,21,29,4,6,2011/6/12
17001,7,9,20,31,33,8,10,2011/6/13
17002,7,12,14,31,34,9,11,2011/6/14
17003,3,5,6,13,22,9,12,2011/6/15
17004,5,8,11,28,31,6,7,2011/6/16
17005,5,9,20,26,35,2,11,2011/6/17
17006,4,6,23,32,33,5,6,2011/6/18
17007,8,11,17,25,27,2,4,2011/6/19
17008,3,4,9,25,32,2,4,2011/6/20
17009,5,6,8,12,22,3,4,2011/6/21
17010,4,10,13,18,35,1,2,2011/6/22
17011,5,15,21,29,34,6,9,2011/6/23
17012,4,5,24,26,35,7,12,2011/6/24
17013,5,12,17,30,34,11,12,2011/6/25
17014,4,8,15,24,25,2,5,2011/6/26
17015,1,7,19,27,34,1,2,2011/6/27
17016,3,13,28,30,33,9,10,2011/6/28
17017,4,19,24,26,29,4,6,2011/6/29
17018,6,7,10,17,23,1,9,2011/6/30
17019,2,6,14,23,25,2,10,2011/7/1
17020,16,21,24,27,28,4,7,2011/7/2
17021,1,15,17,20,26,6,8,2011/7/3
17022,2,3,9,17,24,6,12,2011/7/4
17023,5,8,12,24,34,7,10,2011/7/5
17024,21,23,29,32,35,11,12,2011/7/6
17025,10,16,19,20,34,4,5,2011/7/7
17026,10,14,19,25,32,2,7,2011/7/8
17027,8,17,25,33,34,3,11,2011/7/9
17028,6,18,22,23,33,9,11,2011/7/10
17029,1,6,14,17,29,1,11,2011/7/11
17030,21,22,24,29,34,5,6,2011/7/12
17031,2,16,17,30,32,2,9,2011/7/13
17032,2,13,14,18,29,3,9,2011/7/14
17033,15,22,23,25,34,5,11,2011/7/15
17034,6,12,21,26,29,2,11,2011/7/16
17035,14,17,22,30,33,7,12,2011/7/17
17036,1,4,9,18,33,2,5,2011/7/18
17037,13,15,16,32,34,6,11,2011/7/19
17038,4,5,13,18,27,3,9,2011/7/20
17039,5,6,14,17,26,3,8,2011/7/21
17040,4,6,10,23,29,9,11,2011/7/22
17041,2,4,6,25,31,5,9,2011/7/23
17042,2,17,31,33,34,1,7,2011/7/24
17043,6,13,22,25,35,9,12,2011/7/25
17044,11,16,17,18,25,2,9,2011/7/26
17045,1,8,11,21,35,9,12,2011/7/27
17046,4,17,20,23,30,2,3,2011/7/28
17047,15,19,32,33,34,9,12,2011/7/29
17048,7,9,13,15,19,3,10,2011/7/30
17049,9,12,14,22,31,5,8,2011/7/31
17050,12,14,17,20,28,2,6,2011/8/1
17051,14,17,18,22,29,10,11,2011/8/2
17052,3,19,24,28,33,4,12,2011/8/3
17053,6,19,20,22,26,1,11,2011/8/4
17054,16,29,30,32,33,4,5,2011/8/5
17055,19,20,22,30,33,3,9,2011/8/6
17056,1,4,24,27,32,3,10,2011/8/7
17057,12,16,19,23,24,2,5,2011/8/8
17058,14,18,20,21,28,3,6,2011/8/9
17059,8,11,13,15,17,3,10,2011/8/10
17060,9,15,20,26,31,5,12,2011/8/11
17061,10,19,23,25,30,2,4,2011/8/12
17062,1,4,6,8,28,8,12,2011/8/13
17063,18,21,22,24,29,5,11,2011/8/14
17064,1,8,20,27,30,3,4,2011/8/15
17065,5,11,12,19,28,5,12,2011/8/16
17066,11,15,23,26,30,2,11,2011/8/17
17067,10,17,18,32,35,10,11,2011/8/18
17068,7,8,19,24,27,6,7,2011/8/19
17069,10,16,20,23,32,8,11,2011/8/20
17070,6,16,18,26,30,2,3,2011/8/21
17071,1,4,11,14,33,5,7,2011/8/22
17072,1,3,29,32,34,2,5,2011/8/23
17073,7,18,28,31,33,1,2,2011/8/24
17074,8,10,11,13,17,8,11,2011/8/25
17075,5,11,16,18,35,1,6,2011/8/26
17076,2,7,25,30,35,7,12,2011/8/27
17077,1,3,4,25,31,6,9,2011/8/28
17078,4,5,27,31,34,3,6,2011/8/29
17079,1,17,19,32,33,2,11,2011/8/30
17080,8,10,21,30,31,2,5,2011/8/31
17081,2,12,15,20,34,1,6,2011/9/1
17082,5,13,20,21,25,8,9,2011/9/2
17083,2,5,14,22,34,3,9,2011/9/3
17084,6,11,14,21,31,9,12,2011/9/4
17085,9,13,14,25,30,2,5,2011/9/5
17086,12,15,18,22,31,1,8,2011/9/6
17087,3,14,21,29,35,2,6,2011/9/7
17088,5,28,31,34,35,8,9,2011/9/8
17089,3,5,6,15,18,3,10,2011/9/9
17090,3,6,15,22,35,9,11,2011/9/10
17091,1,5,7,16,19,3,12,2011/9/11
17092,3,7,9,17,34,4,5,2011/9/12
17093,5,6,17,21,29,2,4,2011/9/13
17094,3,5,8,29,33,4,8,2011/9/14
17095,15,32,33,34,35,3,12,2011/9/15
17096,3,7,9,17,28,4,12,2011/9/16
17097,7,14,19,22,34,7,12,2011/9/17
17098,6,9,17,30,35,10,11,2011/9/18
17099,8,9,17,18,24,3,7,2011/9/19
17100,2,5,18,19,31,1,9,2011/9/20
17101,5,15,21,25,29,5,8,2011/9/21
17102,1,12,23,24,29,8,12,2011/9/22
17103,4,19,20,24,29,3,4,2011/9/23
17104,9,11,22,27,30,9,11,2011/9/24
17105,4,15,22,24,32,2,9,2011/9/25
17106,9,12,18,23,29,2,4,2011/9/26
17107,4,10,19,25,27,6,12,2011/9/27
17108,1,4,15,21,22,4,9,2011/9/28
17109,6,9,19,26,34,5,7,2011/9/29
17110,10,14,20,21,35,2,5,2011/9/30
17111,2,14,17,26,34,8,12,2011/10/1
17112,5,6,20,31,32,6,12,2011/10/2
17113,5,8,17,18,23,4,12,2011/10/3
17114,6,7,12,18,23,1,12,2011/10/4
17115,14,19,20,25,31,6,8,2011/10/5
17116,2,27,30,32,33,1,3,2011/10/6
17117,5,7,9,24,32,8,10,2011/10/7
17118,2,7,16,20,33,3,11,2011/10/8
17119,5,7,13,29,35,3,8,2011/10/9
17120,8,15,24,26,27,5,6,2011/10/10
17121,1,6,12,26,31,1,7,2011/10/11
17122,3,12,18,29,34,3,11,2011/10/12
17123,3,15,23,26,32,1,12,2011/10/13
17124,3,29,30,32,35,3,8,2011/10/14
17125,7,11,18,26,28,4,5,2011/10/15
17126,3,4,13,24,33,1,11,2011/10/16
17127,2,15,18,21,22,3,10,2011/10/17
17128,9,11,13,18,33,2,3,2011/10/18
17129,5,17,20,32,33,4,9,2011/10/19
17130,5,18,28,33,34,3,4,2011/10/20
17131,3,5,8,19,34,1,12,2011/10/21
17132,11,17,23,26,27,1,10,2011/10/22
17133,15,17,19,32,33,1,3,2011/10/23
17134,7,18,19,32,34,2,10,2011/10/24
17135,1,12,15,19,22,2,4,2011/10/25
17136,1,11,20,21,22,3,4,2011/10/26
17137,1,20,22,28,29,5,7,2011/10/27
17138,4,7,9,20,25,2,11,2011/10/28
17139,2,6,19,25,32,9,12,2011/10/29
17140,10,16,25,26,29,1,5,2011/10/30
17141,2,8,21,22,29,3,5,2011/10/31
17142,1,5,16,19,28,2,10,2011/11/1
17143,6,9,24,29,32,2,7,2011/11/2
17144,3,21,23,29,32,10,11,2011/11/3
17145,4,7,17,18,19,3,10,2011/11/4
17146,1,5,11,14,35,9,10,2011/11/5
17147,5,16,17,25,34,1,11,2011/11/6
17148,19,27,31,32,35,11,12,2011/11/7
17149,10,18,19,25,26,4,12,2011/11/8
17150,3,6,10,13,18,9,11,2011/11/9
17151,5,6,23,28,32,4,5,2011/11/10
17152,2,4,7,23,28,2,8,2011/11/11
17153,1,9,24,26,34,9,12,2011/11/12
18001,1,13,22,25,35,3,4,2011/11/13
18002,12,20,23,27,34,1,6,2011/11/14
18003,4,21,23,24,30,9,10,2011/11/15
18004,4,9,22,28,30,1,10,2011/11/16
18005,4,9,23,24,30,8,11,2011/11/17
18006,19,20,30,32,33,3,5,2011/11/18
18007,3,4,28,31,34,4,11,2011/11/19
18008,9,15,17,20,22,10,11,2011/11/20
18009,10,12,28,30,34,3,4,2011/11/21
18010,24,25,26,28,29,4,12,2011/11/22
18011,3,13,15,23,26,1,10,2011/11/23
18012,3,22,24,29,34,7,11,2011/11/24
18013,8,24,31,33,35,7,10,2011/11/25
18014,14,16,18,24,31,1,8,2011/11/26
18015,4,13,15,18,29,5,11,2011/11/27
18016,1,2,12,13,23,9,12,2011/11/28
18017,4,19,21,23,31,4,9,2011/11/29
18018,6,8,13,24,28,6,12,2011/11/30
18019,10,11,19,21,28,5,12,2011/12/1
18020,1,10,13,14,21,9,12,2011/12/2
18021,5,6,8,9,15,4,11,2011/12/3
18022,2,10,19,33,35,5,6,2011/12/4
18023,12,13,18,21,29,2,8,2011/12/5
18024,2,16,24,30,32,4,7,2011/12/6
18025,7,8,9,15,34,7,8,2011/12/7
18026,1,2,3,4,30,3,5,2011/12/8
18027,1,18,20,21,26,4,11,2011/12/9
18028,4,19,25,30,35,4,7,2011/12/10
18029,3,9,21,25,29,1,8,2011/12/11
18030,5,18,21,28,32,9,11,2011/12/12
18031,3,8,13,17,23,5,11,2011/12/13
18032,7,10,17,32,35,5,12,2011/12/14
18033,2,3,19,23,34,4,9,2011/12/15
18034,8,11,22,27,32,3,7,2011/12/16
18035,5,7,10,12,24,7,11,2011/12/17
18036,11,17,18,21,27,7,8,2011/12/18
18037,1,3,27,30,31,2,11,2011/12/19
18038,14,23,25,31,32,1,3,2011/12/20
18039,2,7,14,29,32,10,11,2011/12/21
18040,5,7,18,27,31,1,8,2011/12/22
18041,1,23,25,31,33,1,12,2011/12/23
18042,3,19,25,29,35,5,9,2011/12/24
18043,3,6,13,28,33,4,11,2011/12/25
18044,2,4,6,18,21,5,8,2011/12/26
18045,2,5,20,30,35,5,9,2011/12/27
18046,10,20,22,29,32,5,10,2011/12/28
18047,3,8,10,14,20,4,8,2011/12/29
18048,2,3,11,20,25,2,7,2011/12/30
18049,4,7,9,10,13,6,12,2011/12/31
18050,22,24,26,34,35,6,12,2012/1/1
18051,9,18,28,29,35,3,11,2012/1/2
18052,5,16,18,19,25,2,7,2012/1/3
18053,11,16,21,23,25,2,12,2012/1/4
18054,9,10,12,20,30,1,7,2012/1/5
18055,3,7,20,33,34,9,10,2012/1/6
18056,2,4,16,28,34,5,7,2012/1/7
18057,13,19,22,27,28,5,6,2012/1/8
18058,9,11,12,26,32,4,10,2012/1/9
18059,1,9,10,27,35,6,11,2012/1/10
18060,4,22,27,29,31,2,10,2012/1/11
18061,4,10,12,28,31,8,11,2012/1/12
18062,12,14,19,23,35,2,7,2012/1/13
18063,5,14,15,32,34,3,10,2012/1/14
18064,1,3,4,11,29,2,4,2012/1/15
18065,7,10,28,31,32,8,10,2012/1/16
18066,1,20,23,32,33,1,4,2012/1/17
18067,3,7,12,18,31,7,10,2012/1/18
18068,8,12,16,26,33,5,6,2012/1/19
18069,1,8,13,21,24,2,11,2012/1/20
18070,2,5,10,16,30,4,7,2012/1/21
18071,2,5,23,30,31,3,9,2012/1/22
18072,5,12,17,24,26,1,2,2012/1/23
18073,13,19,24,25,29,2,8,2012/1/24
18074,3,9,12,28,30,4,12,2012/1/25
18075,1,6,12,20,34,4,12,2012/1/26
18076,7,18,28,29,32,6,8,2012/1/27
18077,1,6,9,15,26,8,9,2012/1/28
18078,7,11,12,22,30,3,6,2012/1/29
18079,3,4,10,27,29,1,5,2012/1/30
18080,7,16,24,26,31,10,11,2012/1/31
18081,2,10,13,21,35,1,12,2012/2/1
18082,1,2,14,17,18,8,10,2012/2/2
18083,7,12,25,27,28,10,11,2012/2/3
18084,6,11,17,22,35,11,12,2012/2/4
18085,1,2,14,25,31,5,7,2012/2/5
18086,16,22,24,29,31,4,5,2012/2/6
18087,3,14,19,23,25,1,4,2012/2/7
18088,8,9,21,25,33,1,8,2012/2/8
18089,26,27,28,32,34,6,10,2012/2/9
18090,6,20,24,33,34,4,11,2012/2/10
18091,6,22,26,28,31,1,7,2012/2/11
18092,5,7,14,18,19,4,10,2012/2/12
18093,3,11,16,18,33,3,11,2012/2/13
18094,11,16,25,30,34,8,10,2012/2/14
18095,7,14,18,29,35,5,12,2012/2/15
18096,13,14,20,28,34,6,10,2012/2/16
18097,10,12,14,18,23,1,4,2012/2/17
18098,2,15,18,25,27,5,7,2012/2/18
18099,12,13,16,20,21,1,7,2012/2/19
18100,6,20,21,26,30,6,9,2012/2/20
18101,3,14,15,23,29,4,5,2012/2/21
18102,6,7,13,22,24,10,12,2012/2/22
18103,14,24,26,28,35,2,3,2012/2/23
18104,1,13,14,26,28,7,11,2012/2/24
18105,1,16,19,20,31,2,7,2012/2/25
18106,4,14,17,24,31,1,4,2012/2/26
18107,7,8,9,10,22,3,4,2012/2/27
18108,9,10,24,31,32,7,12,2012/2/28
18109,10,16,23,25,34,2,5,2012/2/29
18110,6,19,21,27,28,3,11,2012/3/1
18111,3,16,27,28,32,4,5,2012/3/2
18112,3,7,8,9,29,9,10,2012/3/3
18113,8,12,27,31,33,4,8,2012/3/4
18114,12,18,26,28,29,5,6,2012/3/5
18115,2,6,13,18,25,1,2,2012/3/6
18116,1,14,17,21,33,7,10,2012/3/7
18117,7,11,13,22,29,3,8,2012/3/8
18118,4,5,14,21,34,6,9,2012/3/9
18119,6,9,11,16,35,2,5,2012/3/10
18120,21,22,25,27,30,8,9,2012/3/11
18121,6,7,21,29,30,1,10,2012/3/12
18122,8,9,21,30,31,5,12,2012/3/13
18123,6,9,29,32,35,2,4,2012/3/14
18124,8,10,12,19,20,10,11,2012/3/15
18125,7,16,20,21,34,4,6,2012/3/16
18126,11,13,15,21,27,5,6,2012/3/17
18127,1,3,4,11,29,8,12,2012/3/18
18128,11,12,14,16,26,8,9,2012/3/19
18129,4,7,21,22,29,3,6,2012/3/20
18130,3,4,16,18,25,1,11,2012/3/21
18131,12,14,21,32,33,2,11,2012/3/22
18132,3,16,22,23,27,1,4,2012/3/23
18133,8,12,14,15,19,1,10,2012/3/24
18134,4,5,19,31,35,2,12,2012/3/25
18135,14,19,23,27,34,6,12,2012/3/26
18136,3,11,12,19,21,5,11,2012/3/27
18137,7,10,22,23,33,8,11,2012/3/28
18138,1,23,24,28,33,4,5,2012/3/29
18139,5,11,16,28,35,6,9,2012/3/30
18140,1,6,8,12,15,3,4,2012/3/31
18141,3,7,23,26,33,4,9,2012/4/1
18142,19,24,28,29,34,10,11,2012/4/2
18143,4,7,20,22,33,1,2,2012/4/3
18144,6,17,18,24,31,7,11,2012/4/4
18145,9,18,29,31,33,6,11,2012/4/5
18146,3,8,9,13,33,1,2,2012/4/6
18147,1,11,26,33,35,2,10,2012/4/7
18148,2,6,24,33,34,2,3,2012/4/8
18149,1,7,10,11,20,3,6,2012/4/9
18150,5,12,13,31,34,10,12,2012/4/10
18151,4,8,18,29,30,3,7,2012/4/11
18152,2,4,5,12,28,8,11,2012/4/12
18153,3,6,7,8,21,1,8,2012/4/13
18154,14,22,23,26,30,3,5,2012/4/14
19001,6,18,23,26,28,3,12,2012/4/15
19002,2,7,14,22,31,1,7,2012/4/16
19003,4,8,18,20,32,10,12,2012/4/17
19004,15,16,17,31,32,3,9,2012/4/18
19005,21,26,27,29,34,5,6,2012/4/19
19006,14,17,19,25,30,4,8,2012/4/20
19007,3,12,16,29,32,1,5,2012/4/21
19008,3,8,17,20,24,6,11,2012/4/22
19009,3,9,15,18,26,6,12,2012/4/23
19010,3,7,24,25,27,2,12,2012/4/24
19011,4,12,13,16,17,4,9,2012/4/25
19012,5,9,17,18,19,7,10,2012/4/26
19013,8,10,15,17,18,1,8,2012/4/27
19014,12,14,20,28,31,9,11,2012/4/28
19015,2,5,10,13,30,4,6,2012/4/29
19016,3,5,13,16,28,2,6,2012/4/30
19017,1,5,7,22,25,3,4,2012/5/1
19018,3,18,19,26,34,6,12,2012/5/2
19019,4,11,19,25,32,1,2,2012/5/3
19020,1,8,16,27,34,3,12,2012/5/4
19021,7,13,17,24,33,1,10,2012/5/5
19022,1,4,14,15,21,1,5,2012/5/6
19023,1,3,14,26,30,6,11,2012/5/7
19024,11,17,19,29,33,8,9,2012/5/8
19025,6,13,16,19,29,3,7,2012/5/9
19026,10,12,15,17,19,2,3,2012/5/10
19027,16,18,24,25,27,2,7,2012/5/11
19028,6,22,28,29,33,2,7,2012/5/12
19029,1,4,18,24,28,2,3,2012/5/13
19030,7,9,13,14,33,2,4,2012/5/14
19031,3,8,21,26,33,4,5,2012/5/15
19032,1,4,7,11,30,7,8,2012/5/16
19033,1,2,4,16,24,7,9,2012/5/17
19034,8,12,15,27,30,1,2,2012/5/18
19035,1,3,5,7,18,8,9,2012/5/19
19036,3,9,21,28,30,1,12,2012/5/20
19037,6,16,26,33,35,4,8,2012/5/21
19038,5,11,16,18,27,7,12,2012/5/22
19039,1,12,18,26,35,6,12,2012/5/23
19040,1,3,31,32,34,1,3,2012/5/24
19041,12,19,20,22,28,2,6,2012/5/25
19042,4,10,13,28,33,11,12,2012/5/26
19043,2,6,7,12,15,6,12,2012/5/27
19044,3,6,10,12,31,1,2,2012/5/28
19045,1,4,16,19,33,3,12,2012/5/29
19046,2,8,14,15,35,10,12,2012/5/30
19047,3,4,10,16,32,4,9,2012/5/31
19048,6,10,16,29,33,5,11,2012/6/1
19049,10,16,22,26,27,7,11,2012/6/2
19050,4,15,16,20,35,3,12,2012/6/3
19051,11,15,16,20,29,4,8,2012/6/4
19052,4,10,15,20,24,7,11,2012/6/5
19053,1,11,19,26,35,11,12,2012/6/6
19054,2,18,23,27,30,5,10,2012/6/7
19055,2,4,6,19,22,2,6,2012/6/8
19056,1,7,10,12,23,6,8,2012/6/9
19057,8,14,16,34,35,6,12,2012/6/10
19058,3,10,13,14,32,7,11,2012/6/11
19059,7,8,15,27,32,8,12,2012/6/12
19060,1,11,12,18,21,8,10,2012/6/13
19061,1,2,13,14,26,5,11,2012/6/14
19062,5,16,23,25,28,1,12,2012/6/15
19063,5,8,15,18,21,4,8,2012/6/16
19064,7,8,13,19,29,11,12,2012/6/17
19065,3,8,10,23,27,2,12,2012/6/18
19066,4,10,11,18,31,5,8,2012/6/19
19067,3,8,11,15,16,2,10,2012/6/20
19068,4,5,8,17,27,6,11,2012/6/21
19069,8,22,23,33,34,4,6,2012/6/22
19070,2,13,15,22,34,2,12,2012/6/23
19071,7,13,14,15,22,7,11,2012/6/24
19072,2,4,6,9,18,7,10,2012/6/25
19073,4,11,19,20,24,8,11,2012/6/26
19074,8,9,13,14,34,5,7,2012/6/27
19075,5,6,7,11,16,2,11,2012/6/28
19076,1,6,11,23,29,1,11,2012/6/29
19077,1,15,17,21,33,7,10,2012/6/30
19078,5,10,21,26,30,1,7,2012/7/1
19079,10,13,16,28,35,4,5,2012/7/2
19080,5,13,18,19,24,2,7,2012/7/3
19081,6,24,26,30,33,2,7,2012/7/4
19082,6,18,20,21,31,3,4,2012/7/5
19083,17,24,26,28,32,7,9,2012/7/6
19084,12,23,25,34,35,1,7,2012/7/7
19085,4,5,6,15,26,8,11,2012/7/8
19086,5,15,16,28,31,2,7,2012/7/9
19087,5,6,18,19,27,7,12,2012/7/10
19088,1,5,18,27,33,6,8,2012/7/11
19089,9,14,18,33,34,3,12,2012/7/12
19090,13,19,28,30,33,2,12,2012/7/13
19091,4,13,20,26,28,3,12,2012/7/14
19092,2,11,15,27,30,2,5,2012/7/15
19093,16,17,26,29,35,1,7,2012/7/16
19094,1,12,14,26,27,7,9,2012/7/17
19095,3,12,17,19,31,2,6,2012/7/18
19096,2,12,22,23,27,2,6,2012/7/19
19097,10,17,20,30,35,10,12,2012/7/20
19098,13,15,17,19,22,3,4,2012/7/21
19099,4,6,18,27,33,7,9,2012/7/22
19100,5,8,12,19,21,6,11,2012/7/23
19101,5,11,18,19,27,5,6,2012/7/24
19102,5,10,15,19,31,3,6,2012/7/25
19103,5,12,22,27,32,4,7,2012/7/26
19104,2,7,19,22,28,3,5,2012/7/27
19105,1,4,9,14,17,1,6,2012/7/28
19106,5,8,10,32,35,2,10,2012/7/29
19107,5,9,19,27,35,2,3,2012/7/30
19108,24,27,28,31,34,4,8,2012/7/31
19109,2,7,8,20,25,11,12,2012/8/1
19110,1,19,23,24,30,4,5,2012/8/2
19111,6,15,20,23,27,8,10,2012/8/3
19112,3,10,16,21,33,5,6,2012/8/4
19113,3,11,27,34,35,1,2,2012/8/5
19114,3,5,7,20,23,4,11,2012/8/6
19115,1,18,21,28,32,5,12,2012/8/7
19116,2,10,16,21,23,2,12,2012/8/8
19117,1,18,21,25,35,7,8,2012/8/9
19118,2,3,13,19,26,2,3,2012/8/10
19119,3,6,9,23,34,2,11,2012/8/11
19120,6,15,17,22,25,1,9,2012/8/12
19121,1,2,3,7,17,4,10,2012/8/13
19122,5,19,25,31,33,10,11,2012/8/14
19123,3,13,15,26,30,5,12,2012/8/15
19124,7,17,26,27,30,6,12,2012/8/16
19125,5,8,9,14,34,2,5,2012/8/17
19126,5,9,16,18,30,4,7,2012/8/18
19127,4,7,8,11,16,9,11,2012/8/19
19128,20,21,25,34,35,3,12,2012/8/20
19129,10,13,18,23,30,6,12,2012/8/21
19130,1,13,20,21,26,4,10,2012/8/22
19131,5,6,14,27,29,6,10,2012/8/23
19132,3,5,6,13,18,10,12,2012/8/24
19133,3,12,24,27,34,1,12,2012/8/25
19134,5,6,7,14,17,10,11,2012/8/26
19135,4,5,19,25,26,1,11,2012/8/27
19136,3,16,20,26,29,3,9,2012/8/28
19137,3,5,12,13,26,7,12,2012/8/29
19138,4,6,7,20,29,2,4,2012/8/30
19139,1,5,7,8,11,6,10,2012/8/31
19140,3,7,8,25,27,3,5,2012/9/1
19141,2,10,20,21,35,1,12,2012/9/2
19142,3,4,26,29,33,6,7,2012/9/3
19143,4,22,23,24,32,6,12,2012/9/4
19144,2,5,20,28,31,2,11,2012/9/5
19145,5,9,19,22,32,3,5,2012/9/6
19146,10,11,26,33,34,1,6,2012/9/7
19147,9,12,19,22,33,7,8,2012/9/8
19148,3,4,7,11,30,8,9,2012/9/9
19149,1,2,7,33,35,6,10,2012/9/10
19150,7,11,12,16,33,5,7,2012/9/11
20001,17,25,26,32,34,4,7,2012/9/12
20002,3,7,18,25,30,2,7,2012/9/13
20003,23,25,26,30,34,3,7,2012/9/14
20004,17,20,21,29,30,5,9,2012/9/15
20005,6,10,33,34,35,1,3,2012/9/16
20006,9,22,25,31,32,8,12,2012/9/17
20007,2,10,19,24,30,5,8,2012/9/18
20008,14,17,19,24,32,1,6,2012/9/19
20009,19,29,31,34,35,6,10,2012/9/20
20010,1,8,13,24,32,2,9,2012/9/21
20011,2,13,19,22,23,2,7,2012/9/22
20012,1,6,18,32,34,1,3,2012/9/23
20013,1,4,5,11,35,3,9,2012/9/24
20014,3,7,9,17,21,3,6,2012/9/25
20015,1,7,23,24,26,3,7,2012/9/26
20016,4,8,19,31,35,1,2,2012/9/27
20017,1,6,7,9,10,2,11,2012/9/28
20018,9,14,16,24,26,4,12,2012/9/29
20019,1,12,22,23,33,1,12,2012/9/30
20020,8,10,12,26,32,5,9,2012/10/1
20021,10,12,24,31,33,4,9,2012/10/2
20022,4,14,20,28,35,2,3,2012/10/3
20023,4,11,23,26,30,1,6,2012/10/4
20024,3,5,6,24,30,3,7,2012/10/5
20025,2,14,21,22,26,5,7,2012/10/6
20026,3,15,26,32,34,8,12,2012/10/7
20027,4,7,20,25,32,3,9,2012/10/8
20028,4,5,28,34,35,1,8,2012/10/9
20029,11,14,17,22,30,7,9,2012/10/10
20030,1,8,17,27,30,5,6,2012/10/11
20031,1,2,5,15,21,4,5,2012/10/12
20032,2,3,9,16,32,3,4,2012/10/13
20033,7,19,20,31,34,5,8,2012/10/14
20034,11,13,20,27,31,2,4,2012/10/15
20035,10,11,22,26,28,2,4,2012/10/16
20036,1,5,11,12,26,2,7,2012/10/17
20037,1,4,10,11,14,2,5,2012/10/18
20038,4,15,20,22,24,1,9,2012/10/19
20039,1,5,15,22,31,2,9,2012/10/20
20040,2,17,20,28,29,1,7,2012/10/21
20041,7,13,20,29,34,4,7,2012/10/22
20042,3,4,5,11,22,5,6,2012/10/23
20043,12,13,17,31,32,1,6,2012/10/24
20044,1,3,22,28,30,2,5,2012/10/25
20045,2,9,16,23,27,3,8,2012/10/26
20046,15,24,27,30,34,4,12,2012/10/27
20047,4,18,27,28,30,3,10,2012/10/28
20048,3,9,10,15,16,7,9,2012/10/29
20049,3,11,15,22,30,8,10,2012/10/30
20050,3,14,16,22,34,2,6,2012/10/31
20051,2,7,9,19,33,1,7,2012/11/1
20052,9,11,26,28,35,6,7,2012/11/2
20053,2,15,18,21,27,3,6,2012/11/3
20054,11,14,15,19,20,3,7,2012/11/4
20055,3,4,12,18,34,10,12,2012/11/5
20056,3,11,25,29,34,3,6,2012/11/6
20057,17,20,21,22,31,2,8,2012/11/7
20058,1,15,19,26,27,5,10,2012/11/8
20059,1,15,22,28,32,3,11,2012/11/9
20060,12,14,25,34,35,3,12,2012/11/10
20061,7,8,12,21,26,1,6,2012/11/11
20062,1,5,14,23,31,2,7,2012/11/12
20063,11,18,20,21,33,6,7,2012/11/13
20064,5,10,23,34,35,1,11,2012/11/14
20065,13,15,26,32,33,5,7,2012/11/15
20066,6,14,21,34,35,3,10,2012/11/16
20067,1,8,14,16,28,4,10,2012/11/17
20068,15,20,23,26,33,2,8,2012/11/18
20069,5,7,26,30,31,7,10,2012/11/19
20070,1,22,30,31,32,4,12,2012/11/20
20071,1,12,16,28,33,3,12,2012/11/21
20072,11,15,18,20,27,5,6,2012/11/22
20073,4,10,12,23,27,8,9,2012/11/23
20074,3,9,10,12,21,4,11,2012/11/24
20075,2,9,10,21,35,1,7,2012/11/25
20076,1,8,18,28,30,10,12,2012/11/26
20077,17,23,28,29,32,1,3,2012/11/27
20078,14,18,20,28,34,10,11,2012/11/28
20079,4,16,24,29,35,2,12,2012/11/29
20080,3,6,22,24,25,9,10,2012/11/30
20081,1,13,15,32,35,8,10,2012/12/1
20082,2,11,12,21,34,4,8,2012/12/2
20083,1,2,17,32,34,4,9,2012/12/3
20084,2,10,20,24,31,6,12,2012/12/4
20085,3,4,11,15,28,2,3,2012/12/5
20086,8,11,15,20,28,4,10,2012/12/6
20087,1,4,20,23,29,4,8,2012/12/7
20088,2,7,23,26,35,1,12,2012/12/8
20089,13,16,20,22,27,1,2,2012/12/9
20090,5,6,27,28,29,11,12,2012/12/10
20091,12,16,20,23,31,5,12,2012/12/11
20092,8,11,17,31,35,7,11,2012/12/12
20093,6,14,25,27,28,4,11,2012/12/13
20094,4,6,7,8,16,2,8,2012/12/14
20095,2,18,25,26,32,2,7,2012/12/15
20096,7,8,10,25,28,3,11,2012/12/16
20097,5,25,27,30,34,6,12,2012/12/17
20098,4,9,15,24,35,4,10,2012/12/18
20099,2,3,11,15,27,4,12,2012/12/19
20100,4,5,8,22,33,7,10,2012/12/20
20101,3,4,5,9,34,7,9,2012/12/21
20102,7,11,18,20,29,9,12,2012/12/22
20103,7,12,13,19,23,2,8,2012/12/23
20104,3,12,23,26,30,4,7,2012/12/24
20105,3,8,12,13,22,4,12,2012/12/25
20106,2,3,11,14,27,4,10,2012/12/26
20107,1,4,13,17,28,3,7,2012/12/27
20108,2,3,6,7,33,8,9,2012/12/28
20109,2,20,21,23,32,6,12,2012/12/29
20110,11,16,20,21,28,5,11,2012/12/30
20111,5,7,9,20,28,2,7,2012/12/31
20112,8,11,13,30,32,2,6,2013/1/1
20113,6,14,18,28,33,2,5,2013/1/2
20114,10,12,21,24,30,3,7,2013/1/3
20115,1,9,18,19,23,1,9,2013/1/4
20116,8,10,12,16,22,3,9,2013/1/5
20117,7,19,20,23,24,5,10,2013/1/6
20118,1,9,15,30,33,4,9,2013/1/7
20119,14,22,24,28,32,7,8,2013/1/8
20120,5,25,26,30,35,4,10,2013/1/9
20121,9,17,27,28,35,3,8,2013/1/10
20122,8,19,29,34,35,6,11,2013/1/11
20123,1,7,11,15,21,4,11,2013/1/12
20124,11,15,24,26,35,4,5,2013/1/13
20125,1,2,3,8,22,1,4,2013/1/14
20126,1,4,9,22,28,4,12,2013/1/15
20127,1,4,17,18,26,3,10,2013/1/16
20128,9,12,13,26,33,4,10,2013/1/17
20129,10,22,27,33,34,1,11,2013/1/18
20130,16,17,23,26,32,2,12,2013/1/19
20131,8,25,27,29,35,2,3,2013/1/20
20132,3,15,16,17,21,7,10,2013/1/21
20133,11,24,26,33,35,8,9,2013/1/22
20134,8,11,13,22,25,4,7,2013/1/23
21001,2,6,12,19,33,8,9,2013/1/24
21002,2,16,26,31,34,9,11,2013/1/25
21003,7,21,28,31,35,4,10,2013/1/26
21004,5,10,17,23,28,2,8,2013/1/27
21005,3,7,10,12,35,3,5,2013/1/28
21006,4,22,25,28,35,4,5,2013/1/29
21007,5,23,30,34,35,8,10,2013/1/30
21008,5,19,20,27,33,3,8,2013/1/31
21009,1,3,20,29,32,5,12,2013/2/1
21010,1,5,16,22,34,8,11,2013/2/2
21011,6,9,11,14,21,1,3,2013/2/3
21012,6,12,20,23,33,1,9,2013/2/4
21013,21,27,28,30,34,8,11,2013/2/5
21014,7,13,20,27,29,4,9,2013/2/6
21015,4,8,17,19,25,1,7,2013/2/7
21016,8,9,10,19,34,1,2,2013/2/8
21017,17,21,26,29,32,2,7,2013/2/9
21018,2,20,23,26,34,5,10,2013/2/10
21019,1,12,13,28,29,3,4,2013/2/11
21020,7,21,22,30,33,4,6,2013/2/12
21021,16,18,29,33,35,9,12,2013/2/13
21022,2,12,22,30,33,2,4,2013/2/14
21023,7,9,13,16,32,2,9,2013/2/15
21024,11,14,21,24,31,2,10,2013/2/16
21025,17,18,23,30,31,10,12,2013/2/17
21026,7,11,20,24,27,1,11,2013/2/18
21027,9,21,22,26,30,4,12,2013/2/19
21028,2,3,5,17,29,4,10,2013/2/20
21029,2,6,10,32,33,4,7,2013/2/21
21030,18,23,25,26,32,2,7,2013/2/22
21031,1,4,19,20,34,3,5,2013/2/23
21032,1,11,14,34,35,7,10,2013/2/24
21033,1,3,5,30,32,1,5,2013/2/25
21034,8,10,14,25,34,7,8,2013/2/26
21035,5,11,16,30,32,3,4,2013/2/27
21036,8,17,25,28,33,7,11,2013/2/28
21037,10,21,27,29,33,4,12,2013/3/1
21038,9,11,20,29,32,1,7,2013/3/2
21039,4,12,14,21,35,2,11,2013/3/3
21040,2,3,9,16,19,3,7,2013/3/4
21041,2,5,9,11,32,4,9,2013/3/5
21042,9,15,20,23,29,4,5,2013/3/6
21043,7,12,17,19,34,1,10,2013/3/7
21044,6,18,31,33,35,10,11,2013/3/8
21045,1,4,6,11,19,7,9,2013/3/9
21046,6,8,12,14,18,6,8,2013/3/10
21047,1,6,9,25,33,4,8,2013/3/11
21048,4,7,17,21,27,10,12,2013/3/12
21049,1,10,22,23,25,2,12,2013/3/13
21050,9,22,32,33,35,5,10,2013/3/14
21051,1,4,14,16,19,3,4,2013/3/15
21052,2,11,13,14,30,9,12,2013/3/16
21053,3,6,15,17,35,7,11,2013/3/17
21054,3,6,17,20,25,3,9,2013/3/18
21055,3,6,10,11,24,10,11,2013/3/19
21056,3,11,16,21,26,9,10,2013/3/20
21057,5,7,19,20,28,5,7,2013/3/21
21058,13,15,17,23,34,1,11,2013/3/22
21059,4,16,27,28,35,2,9,2013/3/23
21060,9,13,25,31,33,3,7,2013/3/24
21061,15,19,20,26,32,4,7,2013/3/25
21062,4,6,23,32,34,5,7,2013/3/26
21063,5,9,14,29,30,9,11,2013/3/27
21064,1,17,19,32,34,6,10,2013/3/28
21065,23,25,30,31,35,7,8,2013/3/29
21066,24,26,29,34,35,9,11,2013/3/30
21067,1,4,22,23,34,8,9,2013/3/31
21068,2,20,21,26,30,2,10,2013/4/1
21069,1,3,24,32,33,4,6,2013/4/2
21070,3,20,21,22,24,6,12,2013/4/3
21071,8,11,16,29,35,1,4,2013/4/4
21072,2,3,15,22,26,3,11,2013/4/5
21073,8,12,14,20,24,6,10,2013/4/6
21074,11,14,18,20,25,3,7,2013/4/7
21075,6,14,15,17,20,1,5,2013/4/8
21076,6,13,22,25,26,2,4,2013/4/9
21077,2,6,9,21,25,6,8,2013/4/10
21078,2,8,17,19,25,1,5,2013/4/11
21079,6,14,19,26,33,8,11,2013/4/12
21080,15,16,20,29,30,6,10,2013/4/13
21081,5,13,24,29,35,7,8,2013/4/14
21082,1,14,22,29,33,3,10,2013/4/15
21083,7,9,11,26,35,1,8,2013/4/16
21084,2,10,14,30,33,6,9,2013/4/17
21085,1,12,15,26,35,10,11,2013/4/18
21086,2,3,7,16,17,6,10,2013/4/19
21087,10,14,15,25,28,3,10,2013/4/20
21088,2,14,31,34,35,1,7,2013/4/21
21089,1,17,24,28,35,10,12,2013/4/22
21090,6,7,19,26,32,6,12,2013/4/23
21091,1,4,10,21,29,3,5,2013/4/24
21092,12,14,27,28,34,3,7,2013/4/25
21093,20,25,27,28,31,8,11,2013/4/26
21094,5,6,24,27,33,5,12,2013/4/27
21095,10,15,19,20,30,11,12,2013/4/28
21096,7,8,10,20,21,1,5,2013/4/29
21097,11,26,30,31,33,3,10,2013/4/30
21098,2,7,21,27,33,7,9,2013/5/1
21099,15,19,27,28,30,3,4,2013/5/2
21100,7,11,23,26,28,2,7,2013/5/3
21101,13,18,19,27,32,6,11,2013/5/4
21102,2,8,11,16,23,2,7,2013/5/5
21103,4,10,23,30,31,5,11,2013/5/6
21104,23,25,26,30,33,3,11,2013/5/7
21105,7,10,11,17,18,4,9,2013/5/8
21106,2,13,14,32,34,2,12,2013/5/9
21107,3,5,13,20,25,7,11,2013/5/10
21108,5,19,22,26,35,2,6,2013/5/11
21109,3,4,7,27,31,6,9,2013/5/12
21110,11,14,29,31,32,11,12,2013/5/13
21111,7,8,15,19,28,8,9,2013/5/14
21112,18,21,22,23,35,11,12,2013/5/15
21113,17,18,25,27,28,4,8,2013/5/16
21114,8,9,13,29,30,1,11,2013/5/17
21115,8,13,19,20,29,6,10,2013/5/18
21116,4,25,28,29,35,3,11,2013/5/19
21117,11,18,21,22,33,5,6,2013/5/20
21118,14,17,18,28,34,2,3,2013/5/21
21119,1,2,9,16,30,9,10,2013/5/22
21120,5,10,21,25,31,5,11,2013/5/23
21121,2,15,19,29,30,2,9,2013/5/24
21122,14,15,26,27,29,4,5,2013/5/25
21123,8,23,26,27,33,8,9,2013/5/26
21124,10,17,22,25,35,7,9,2013/5/27
21125,17,19,21,27,31,4,9,2013/5/28
21126,1,11,12,34,35,9,12,2013/5/29
21127,1,2,15,17,26,2,11,2013/5/30
21128,14,17,18,23,27,5,8,2013/5/31
21129,2,16,17,18,34,4,10,2013/6/1
21130,2,3,14,27,28,5,10,2013/6/2
21131,6,8,16,34,35,5,6,2013/6/3
21132,4,21,28,29,33,3,11,2013/6/4
21133,8,9,17,26,28,6,8,2013/6/5
21134,2,6,14,19,28,1,6,2013/6/6
21135,4,7,17,29,31,5,6,2013/6/7
21136,8,12,19,27,33,2,5,2013/6/8
21137,2,7,13,14,19,4,5,2013/6/9
21138,9,11,12,15,31,5,11,2013/6/10
21139,5,13,18,23,34,8,9,2013/6/11
21140,5,24,26,33,35,9,12,2013/6/12
21141,2,8,16,29,34,5,12,2013/6/13
21142,11,13,17,19,25,2,9,2013/6/14
21143,9,17,19,29,34,4,11,2013/6/15
21144,3,20,25,30,34,2,9,2013/6/16
21145,3,8,25,29,30,1,6,2013/6/17
21146,3,5,8,18,20,9,11,2013/6/18
21147,1,2,8,12,26,1,7,2013/6/19
21148,1,4,12,16,29,4,8,2013/6/20
21149,20,26,28,30,35,10,11,2013/6/21
21150,4,10,11,23,26,7,10,2013/6/22
22001,8,11,19,22,29,3,11,2013/6/23
22002,4,6,7,9,24,4,12,2013/6/24
22003,2,18,24,25,34,8,12,2013/6/25
22004,7,20,27,30,33,3,4,2013/6/26
22005,2,13,17,19,34,5,9,2013/6/27
22006,1,5,7,17,20,5,12,2013/6/28
22007,5,22,23,25,35,3,11,2013/6/29
22008,1,2,13,18,34,6,7,2013/6/30
22009,13,14,18,31,33,7,10,2013/7/1
22010,4,19,25,31,35,2,11,2013/7/2
22011,3,5,17,24,32,5,12,2013/7/3
22012,3,5,10,33,34,7,10,2013/7/4
22013,4,9,16,25,32,5,6,2013/7/5
22014,1,4,10,18,32,1,9,2013/7/6
22015,1,2,8,12,30,5,12,2013/7/7
22016,1,7,17,26,32,1,9,2013/7/8
22017,10,14,18,23,25,7,11,2013/7/9
22018,16,21,29,31,34,6,9,2013/7/10
22019,1,4,7,17,21,1,2,2013/7/11
22020,16,17,30,31,35,8,9,2013/7/12
22021,11,15,16,18,35,6,9,2013/7/13
22022,1,5,14,17,28,6,7,2013/7/14
22023,4,5,18,20,25,11,12,2013/7/15
22024,1,2,11,30,35,1,12,2013/7/16
22025,4,7,22,24,29,1,7,2013/7/17
22026,11,14,22,23,27,8,10,2013/7/18
22027,3,6,11,31,32,5,12,2013/7/19
22028,4,9,16,17,35,1,7,2013/7/20
22029,7,8,10,14,17,10,12,2013/7/21
22030,12,14,15,21,30,1,9,2013/7/22
22031,7,14,16,20,28,4,8,2013/7/23
22032,5,9,18,31,32,1,5,2013/7/24
22033,8,15,16,19,33,3,4,2013/7/25
22034,2,10,24,27,28,6,7,2013/7/26
22035,9,11,13,23,31,5,8,2013/7/27
22036,18,19,21,26,34,6,7,2013/7/28
22037,1,9,17,20,28,6,10,2013/7/29
22038,7,9,11,12,26,9,12,2013/7/30
22039,1,8,11,22,31,5,11,2013/7/31
22040,10,19,25,29,33,8,12,2013/8/1
22041,5,15,25,26,33,6,11,2013/8/2
22042,8,10,11,29,32,2,6,2013/8/3
22043,2,16,17,24,30,9,12,2013/8/4
22044,1,2,16,17,20,3,7,2013/8/5
22045,2,3,7,12,20,1,5,2013/8/6
22046,6,7,12,22,27,3,5,2013/8/7
22047,7,10,11,12,33,3,11,2013/8/8
22048,16,22,28,29,32,8,9,2013/8/9
22049,6,10,20,28,35,1,10,2013/8/10
22050,2,10,21,24,30,8,10,2013/8/11
22051,1,16,17,19,33,5,6,2013/8/12
22052,1,13,18,29,35,4,9,2013/8/13
22053,9,17,19,20,25,1,9,2013/8/14
22054,5,16,21,23,34,7,10,2013/8/15
22055,1,2,12,15,23,4,6,2013/8/16
22056,2,11,15,17,31,7,9,2013/8/17
22057,6,12,18,21,35,7,10,2013/8/18
22058,3,4,24,26,35,7,8,2013/8/19
22059,4,15,18,32,34,4,9,2013/8/20
22060,2,6,10,11,20,3,9,2013/8/21
22061,6,9,19,22,30,1,6,2013/8/22
22062,5,9,11,12,31,7,11,2013/8/23
22063,2,3,22,26,31,6,10,2013/8/24
22064,2,19,22,25,35,5,7,2013/8/25
22065,5,10,13,22,28,1,4,2013/8/26
22066,2,24,25,26,34,3,12,2013/8/27
22067,4,14,15,32,33,10,11,2013/8/28
22068,3,6,10,15,23,3,8,2013/8/29
22069,2,3,23,28,35,2,9,2013/8/30
22070,1,7,17,23,35,7,11,2013/8/31
22071,9,15,19,25,29,8,9,2013/9/1
22072,1,12,13,15,30,3,7,2013/9/2
22073,11,18,21,25,32,2,4,2013/9/3
22074,2,6,21,25,28,2,6,2013/9/4
22075,4,12,13,17,18,7,9,2013/9/5
22076,5,17,30,34,35,2,9,2013/9/6
22077,5,10,11,16,19,1,10,2013/9/7
22078,2,3,18,20,27,1,2,2013/9/8
22079,7,10,19,26,32,8,12,2013/9/9
22080,10,17,30,31,34,3,6,2013/9/10
22081,5,10,19,31,32,9,10,2013/9/11
22082,4,26,27,30,33,2,9,2013/9/12
22083,2,9,17,26,32,4,6,2013/9/13
22084,3,11,19,25,27,4,12,2013/9/14
22085,11,16,31,33,35,6,8,2013/9/15
22086,4,10,21,28,31,8,11,2013/9/16
22087,4,6,10,24,28,6,12,2013/9/17
22088,1,8,10,20,35,6,11,2013/9/18
22089,1,20,21,31,33,3,11,2013/9/19
22090,1,20,24,25,31,9,12,2013/9/20
22091,2,11,20,22,34,4,12,2013/9/21
22092,1,4,12,23,29,5,12,2013/9/22
22093,7,11,14,21,29,7,10,2013/9/23
22094,3,4,7,12,19,2,5,2013/9/24
22095,5,8,22,25,35,2,7,2013/9/25
22096,16,19,24,27,33,1,6,2013/9/26
22097,5,13,22,28,29,5,11,2013/9/27
22098,1,3,6,11,13,3,11,2013/9/28
22099,7,18,25,27,33,4,5,2013/9/29
22100,10,19,20,23,31,3,7,2013/9/30
22101,2,4,6,7,8,3,6,2013/10/1
22102,1,5,14,20,30,2,4,2013/10/2
22103,8,12,16,21,32,1,12,2013/10/3
22104,3,5,13,19,25,2,5,2013/10/4
22105,1,8,9,21,22,1,4,2013/10/5
22106,16,17,21,28,32,4,7,2013/10/6
22107,7,9,19,28,29,8,10,2013/10/7
22108,4,7,13,26,28,7,11,2013/10/8
22109,5,9,24,29,35,5,12,2013/10/9
22110,2,13,16,18,23,3,6,2013/10/10
22111,6,12,16,19,31,6,10,2013/10/11
22112,4,11,18,20,26,6,12,2013/10/12
22113,13,15,22,31,33,5,12,2013/10/13
22114,11,21,24,27,28,5,10,2013/10/14
22115,17,19,20,23,27,3,8,2013/10/15
22116,1,7,20,22,31,7,12,2013/10/16
22117,9,12,15,21,32,2,7,2013/10/17
22118,2,5,15,17,26,2,8,2013/10/18
22119,1,9,16,25,29,4,9,2013/10/19
22120,11,22,26,30,33,3,5,2013/10/20
22121,4,15,16,20,21,4,5,2013/10/21
22122,4,15,17,19,25,6,12,2013/10/22
22123,2,20,28,29,30,7,10,2013/10/23
22124,2,4,11,25,30,6,12,2013/10/24
22125,3,7,14,16,19,1,11,2013/10/25
22126,4,5,8,22,35,1,3,2013/10/26
22127,2,3,8,9,20,4,10,2013/10/27
22128,10,19,21,23,35,4,10,2013/10/28
22129,10,17,23,34,35,1,4,2013/10/29
22130,5,7,15,18,23,5,10,2013/10/30
22131,2,6,8,10,17,5,6,2013/10/31
22132,2,27,30,34,35,9,12,2013/11/1
22133,1,2,14,30,31,6,9,2013/11/2
22134,3,16,23,27,32,3,6,2013/11/3
22135,9,10,27,31,32,1,3,2013/11/4
22136,1,11,15,17,33,3,11,2013/11/5
22137,5,6,8,15,20,7,8,2013/11/6
22138,5,13,16,27,33,7,12,2013/11/7
22139,1,13,14,22,35,2,5,2013/11/8
22140,5,15,25,26,29,4,12,2013/11/9
22141,5,6,14,24,25,2,4,2013/11/10
22142,7,12,14,29,35,1,11,2013/11/11
22143,10,13,14,27,33,7,8,2013/11/12
22144,3,4,8,15,21,4,7,2013/11/13
22145,10,20,29,30,35,6,9,2013/11/14
22146,1,21,23,28,35,7,9,2013/11/15
22147,4,12,22,28,30,9,11,2013/11/16
22148,4,5,6,26,27,7,12,2013/11/17
22149,15,19,22,26,28,2,7,2013/11/18
22150,6,7,26,29,30,3,12,2013/11/19
23001,18,19,24,27,34,11,12,2013/11/20
23002,11,14,21,26,27,2,7,2013/11/21
23003,5,6,14,21,22,2,9,2013/11/22
23004,4,13,15,20,22,4,8,2013/11/23
23005,1,3,10,20,29,6,11,2013/11/24
23006,2,4,12,27,35,6,7,2013/11/25
23007,2,3,24,30,32,1,6,2013/11/26
23008,4,9,17,22,25,1,5,2013/11/27
23009,1,5,11,15,33,1,10,2013/11/28
23010,5,6,13,23,26,1,6,2013/11/29
23011,2,7,8,17,25,1,3,2013/11/30
23012,7,16,17,18,28,2,3,2013/12/1
23013,1,2,9,23,25,2,6,2013/12/2
23014,3,8,18,22,24,1,9,2013/12/3
23015,8,16,24,25,34,8,12,2013/12/4
23016,2,4,12,31,32,7,11,2013/12/5
23017,2,5,9,22,27,10,11,2013/12/6
23018,4,8,17,26,30,3,11,2013/12/7
23019,5,8,9,11,15,6,8,2013/12/8
23020,5,6,23,25,28,6,9,2013/12/9
23021,2,9,18,23,27,3,5,2013/12/10
23022,7,11,15,26,28,8,10,2013/12/11
23023,9,21,23,25,33,3,10,2013/12/12
23024,11,15,24,27,30,1,10,2013/12/13
23025,3,9,27,30,31,11,12,2013/12/14
23026,2,13,24,27,30,1,6,2013/12/15
23027,9,10,12,15,23,3,6,2013/12/16
23028,1,3,29,30,34,4,12,2013/12/17
23029,7,25,27,34,35,9,11,2013/12/18
23030,6,11,12,20,35,5,12,2013/12/19
23031,5,7,8,16,25,3,11,2013/12/20
23032,5,6,18,28,30,2,7,2013/12/21
23033,4,6,10,11,25,7,9,2013/12/22
23034,7,9,10,15,24,4,12,2013/12/23
23035,7,14,23,25,29,2,11,2013/12/24
23036,1,13,22,26,31,2,10,2013/12/25
23037,6,8,16,20,24,7,8,2013/12/26
23038,4,10,18,27,32,10,12,2013/12/27
23039,2,24,26,30,34,6,7,2013/12/28
23040,4,5,18,22,30,5,12,2013/12/29
23041,5,8,13,26,35,5,9,2013/12/30
23042,2,16,21,23,27,1,8,2013/12/31
23043,2,4,17,20,27,1,8,2014/1/1
23044,2,6,7,8,15,7,10,2014/1/2
23045,7,10,13,28,31,4,5,2014/1/3
23046,13,21,25,28,32,2,10,2014/1/4
23047,10,12,13,24,25,11,12,2014/1/5
23048,7,13,16,25,32,9,11,2014/1/6
23049,3,17,22,26,28,7,12,2014/1/7
23050,8,9,14,25,29,4,6,2014/1/8
23051,3,11,19,29,33,3,12,2014/1/9
23052,2,8,11,30,33,5,8,2014/1/10
23053,1,3,11,14,20,2,11,2014/1/11
23054,19,25,30,31,34,7,9,2014/1/12
23055,6,8,12,13,15,1,6,2014/1/13
23056,13,22,24,33,34,1,2,2014/1/14
23057,1,5,6,19,24,5,11,2014/1/15
23058,19,22,29,32,35,5,8,2014/1/16
23059,9,13,23,25,28,4,7,2014/1/17
23060,2,7,19,24,30,9,12,2014/1/18
23061,7,11,21,30,32,5,7,2014/1/19
23062,6,8,22,24,30,1,8,2014/1/20
23063,4,18,29,31,34,6,9,2014/1/21
23064,2,6,9,31,32,3,7,2014/1/22
23065,8,14,16,21,25,3,12,2014/1/23
23066,6,11,13,30,32,1,3,2014/1/24
23067,2,28,30,33,35,2,10,2014/1/25
23068,21,22,24,27,31,7,8,2014/1/26
23069,8,20,21,25,32,5,7,2014/1/27
23070,10,26,29,32,33,3,11,2014/1/28
23071,2,11,12,32,34,10,12,2014/1/29
23072,5,6,9,11,14,2,4,2014/1/30
23073,15,25,28,30,35,8,10,2014/1/31
23074,3,13,22,29,34,2,9,2014/2/1
23075,7,17,20,23,32,5,11,2014/2/2
23076,8,9,11,26,34,2,7,2014/2/3
23077,5,16,18,26,35,3,6,2014/2/4
23078,2,3,6,26,27,7,8,2014/2/5
23079,6,8,26,29,34,5,8,2014/2/6
23080,1,2,9,16,30,1,11,2014/2/7
23081,5,6,23,28,35,7,10,2014/2/8
23082,2,8,9,15,20,3,9,2014/2/9
23083,13,15,21,25,32,9,10,2014/2/10
23084,3,5,8,24,32,7,8,2014/2/11
23085,11,12,26,31,35,5,7,2014/2/12
23086,3,11,15,20,35,7,11,2014/2/13
23087,3,4,16,19,24,4,5,2014/2/14
23088,8,14,16,22,24,9,12,2014/2/15
23089,3,12,20,26,35,2,12,2014/2/16
23090,8,11,12,19,35,11,12,2014/2/17
23091,6,16,18,28,29,7,11,2014/2/18
23092,3,16,21,26,32,3,12,2014/2/19
23093,11,14,17,19,21,1,5,2014/2/20
23094,12,19,22,28,32,8,12,2014/2/21
23095,8,19,28,32,34,3,7,2014/2/22
23096,6,7,14,21,31,3,10,2014/2/23
23097,6,7,18,20,22,3,9,2014/2/24
23098,2,7,15,30,34,5,9,2014/2/25
23099,9,11,13,22,23,6,7,2014/2/26
23100,4,6,13,19,35,9,11,2014/2/27
23101,6,14,16,17,28,7,10,2014/2/28
23102,2,4,7,16,33,7,11,2014/3/1
23103,8,11,19,31,32,8,11,2014/3/2
23104,6,15,16,32,33,8,10,2014/3/3
23105,7,8,19,20,25,2,11,2014/3/4
23106,16,24,26,28,31,1,6,2014/3/5
23107,1,12,15,16,18,3,10,2014/3/6
23108,5,6,17,30,32,2,8,2014/3/7
23109,1,12,21,22,31,2,9,2014/3/8
23110,4,9,11,13,17,7,8,2014/3/9
23111,3,12,15,28,35,2,12,2014/3/10
23112,1,11,17,22,27,2,9,2014/3/11
23113,6,8,30,32,33,3,10,2014/3/12
23114,2,25,27,30,35,1,10,2014/3/13
23115,7,10,23,31,34,2,10,2014/3/14
23116,1,3,9,18,29,4,9,2014/3/15
23117,5,7,15,18,20,3,4,2014/3/16
23118,6,7,13,25,33,5,8,2014/3/17
23119,4,8,10,14,21,4,10,2014/3/18
23120,2,8,16,31,34,1,10,2014/3/19
23121,5,11,15,23,33,1,9,2014/3/20
23122,1,7,9,25,29,10,12,2014/3/21
23123,2,14,16,28,30,2,7,2014/3/22
23124,6,18,23,27,32,6,10,2014/3/23
23125,7,25,26,29,32,2,8,2014/3/24
23126,7,12,17,26,34,2,6,2014/3/25
23127,4,7,8,18,19,2,6,2014/3/26
23128,1,5,7,12,13,2,6,2014/3/27
23129,9,23,25,27,33,6,12,2014/3/28
23130,13,20,27,29,30,1,7,2014/3/29
23131,3,7,21,22,24,6,7,2014/3/30
23132,3,4,12,15,23,2,6,2014/3/31
23133,10,18,25,28,33,5,11,2014/4/1
23134,10,15,22,27,33,1,12,2014/4/2
23135,5,18,22,28,29,9,12,2014/4/3
23136,13,23,27,30,34,6,9,2014/4/4
23137,4,19,21,30,31,6,12,2014/4/5
23138,7,12,20,28,31,9,10,2014/4/6
24001,3,9,17,26,35,2,7,2014/4/7
24002,1,6,8,27,32,3,4,2014/4/8
24003,7,9,12,23,29,1,2,2014/4/9
24004,2,6,18,19,27,8,9,2014/4/10
24005,3,5,7,9,12,5,8,2014/4/11
24006,8,13,16,17,33,2,10,2014/4/12
24007,4,5,28,34,35,4,11,2014/4/13
24008,4,6,11,20,30,3,5,2014/4/14
24009,15,18,19,24,26,5,9,2014/4/15
24010,2,8,10,15,27,2,8,2014/4/16
24011,1,3,27,32,34,1,7,2014/4/17
24012,21,22,25,26,34,1,9,2014/4/18
24013,5,22,25,28,30,3,12,2014/4/19
24014,4,5,16,21,31,9,11,2014/4/20
24015,8,11,14,24,31,5,6,2014/4/21
24016,15,18,25,27,29,6,11,2014/4/22
24017,3,7,25,27,35,1,4,2014/4/23
24018,4,12,19,25,27,1,9,2014/4/24
24019,19,20,26,29,30,3,4,2014/4/25
24020,2,4,8,19,26,2,6,2014/4/26
24021,1,12,16,20,28,7,9,2014/4/27
24022,7,9,11,31,32,4,8,2014/4/28
24023,8,10,12,14,22,5,9,2014/4/29
24024,3,5,12,17,26,1,12,2014/4/30
24025,1,2,8,18,27,4,8,2014/5/1
24026,1,18,21,26,33,2,12,2014/5/2
24027,8,9,16,22,23,7,9,2014/5/3
24028,13,18,20,26,28,4,8,2014/5/4
24029,4,19,24,28,34,4,5,2014/5/5
24030,8,9,11,19,30,6,12,2014/5/6
24031,9,12,15,30,34,5,6,2014/5/7
24032,5,15,26,33,35,1,9,2014/5/8
24033,4,8,10,11,15,7,9,2014/5/9
24034,23,26,27,29,33,5,8,2014/5/10
24035,5,13,17,29,33,5,12,2014/5/11
24036,2,5,11,32,34,6,10,2014/5/12
24037,17,19,20,29,35,7,11,2014/5/13
24038,15,22,24,25,29,1,5,2014/5/14
24039,3,10,11,20,22,6,10,2014/5/15
24040,5,12,16,29,30,3,6,2014/5/16
24041,6,8,14,16,28,3,5,2014/5/17
24042,1,8,15,23,35,5,12,2014/5/18
24043,3,4,8,14,27,5,7,2014/5/19
24044,3,13,15,17,22,6,10,2014/5/20
24045,9,10,14,31,32,3,8,2014/5/21
24046,6,12,17,29,30,7,11,2014/5/22
24047,11,19,21,26,35,10,11,2014/5/23
24048,12,18,21,26,28,8,9,2014/5/24
24049,4,6,9,10,22,1,8,2014/5/25
24050,3,4,14,18,26,7,9,2014/5/26
24051,5,21,22,23,29,1,2,2014/5/27
24052,2,3,13,22,34,4,8,2014/5/28
24053,1,7,19,20,35,3,9,2014/5/29
24054,5,6,9,11,22,1,3,2014/5/30
24055,7,17,22,30,34,5,7,2014/5/31
24056,16,17,18,27,35,6,12,2014/6/1
24057,9,25,30,33,34,3,9,2014/6/2
24058,6,10,13,20,32,1,2,2014/6/3
24059,17,18,20,25,31,3,12,2014/6/4
24060,3,21,25,28,30,1,12,2014/6/5
24061,1,12,19,31,33,5,8,2014/6/6
24062,5,14,15,16,33,3,5,2014/6/7
24063,7,12,16,33,34,1,3,2014/6/8
24064,5,12,21,32,33,8,9,2014/6/9
24065,5,10,18,26,27,3,6,2014/6/10
24066,13,19,20,24,25,6,7,2014/6/11
24067,3,11,14,20,22,6,9,2014/6/12
24068,15,20,31,32,33,5,10,2014/6/13
24069,7,9,16,20,24,3,7,2014/6/14
24070,4,20,21,32,34,2,9,2014/6/15
24071,6,10,15,34,35,2,10,2014/6/16
24072,4,17,21,23,32,1,6,2014/6/17
24073,7,9,12,21,23,5,9,2014/6/18
24074,2,10,11,21,27,9,11,2014/6/19
24075,8,17,26,28,32,1,10,2014/6/20
24076,1,6,22,27,35,7,12,2014/6/21
24077,1,3,25,26,29,6,12,2014/6/22
24078,5,7,10,14,15,4,7,2014/6/23
24079,3,8,17,18,23,6,11,2014/6/24
24080,3,5,24,27,28,9,11,2014/6/25
24081,14,15,25,27,34,1,10,2014/6/26
24082,8,21,23,24,26,4,5,2014/6/27
24083,9,11,12,13,30,7,9,2014/6/28
24084,4,11,16,17,23,5,10,2014/6/29
24085,2,9,16,29,35,1,6,2014/6/30
24086,11,12,14,22,28,7,11,2014/7/1
24087,7,10,20,28,34,5,10,2014/7/2
24088,1,2,23,28,32,3,5,2014/7/3
24089,5,6,29,30,34,7,8,2014/7/4
24090,2,3,6,28,33,7,11,2014/7/5
24091,1,8,11,17,21,1,2,2014/7/6
24092,2,4,25,26,31,1,6,2014/7/7
24093,16,24,26,28,29,8,12,2014/7/8
24094,12,13,24,29,31,2,8,2014/7/9
24095,1,7,19,26,27,3,5,2014/7/10
24096,2,3,23,27,31,1,10,2014/7/11
24097,7,11,12,14,19,2,8,2014/7/12
24098,3,10,15,19,29,9,10,2014/7/13
24099,4,10,24,31,35,5,8,2014/7/14
24100,2,12,19,22,32,5,11,2014/7/15
24101,16,19,22,27,35,6,10,2014/7/16
24102,1,5,9,14,20,5,11,2014/7/17
24103,19,21,29,32,33,6,8,2014/7/18
24104,1,4,9,13,17,6,9,2014/7/19
24105,14,20,21,28,32,9,11,2014/7/20
24106,5,11,19,22,29,2,12,2014/7/21
24107,6,14,16,18,34,3,10,2014/7/22
24108,16,17,21,31,34,3,8,2014/7/23
24109,12,23,26,27,28,3,11,2014/7/24
24110,1,7,8,18,28,4,12,2014/7/25
24111,3,9,19,27,30,7,11,2014/7/26
24112,5,15,24,31,34,3,10,2014/7/27
24113,16,18,25,26,33,4,8,2014/7/28
24114,12,27,30,34,35,5,11,2014/7/29
24115,3,4,12,19,24,8,12,2014/7/30
24116,1,3,6,16,25,1,11,2014/7/31
24117,2,10,22,26,28,2,4,2014/8/1
24118,1,3,9,16,19,5,11,2014/8/2
24119,6,12,28,30,33,2,7,2014/8/3
24120,4,12,17,23,27,2,8,2014/8/4
24121,7,15,18,24,33,4,5,2014/8/5
24122,5,6,9,15,17,3,10,2014/8/6
24123,3,9,16,30,31,8,9,2014/8/7
24124,2,3,7,10,25,1,11,2014/8/8
24125,10,14,19,24,26,1,10,2014/8/9
24126,2,10,17,28,34,7,8,2014/8/10
24127,2,3,10,16,28,7,10,2014/8/11
24128,3,7,10,29,31,1,3,2014/8/12
24129,7,19,30,31,34,5,7,2014/8/13
24130,11,21,25,31,32,4,10,2014/8/14
24131,2,3,4,21,26,2,3,2014/8/15
24132,5,6,10,16,31,6,9,2014/8/16
24133,8,10,14,22,29,4,6,2014/8/17
24134,1,4,7,13,33,5,6,2014/8/18
24135,6,8,22,24,30,3,8,2014/8/19
24136,1,17,20,29,34,7,8,2014/8/20
24137,8,15,16,17,21,2,5,2014/8/21
24138,5,17,20,28,34,4,9,2014/8/22
24139,5,12,20,23,24,5,7,2014/8/23
24140,3,6,15,23,31,1,12,2014/8/24
24141,2,6,7,16,20,2,11,2014/8/25
24142,8,21,24,33,34,3,10,2014/8/26
24143,16,20,22,24,31,4,5,2014/8/27
24144,6,7,8,21,30,1,5,2014/8/28
24145,1,6,9,22,24,1,3,2014/8/29
24146,5,20,21,22,32,3,4,2014/8/30
24147,12,18,21,22,31,1,7,2014/8/31
24148,6,9,20,32,35,8,11,2014/9/1
24149,2,5,16,18,22,7,9,2014/9/2
24150,4,11,23,25,34,5,7,2014/9/3
24151,5,12,17,19,35,10,11,2014/9/4
